Area,Bauteiltyp,Betongüte,Breite/Höhe,Depth,Einheit,Expositionsklasse,Fenster/Türnummer,Flügelanzahl,GUID,Geschoss,GrossArea,GrossFootprintArea,GrossSideArea,GrossVolume,Height,IfcType,IsExternal,Length,LoadBearing,Material,Name,NetArea,NetFootprintArea,NetSideArea,NetVolume,NumberOfRiser,NumberOfTreads,Perimeter,Raumnummer,RequiredHeadroom,RiserHeight,Rohbaubreite,Rohbauhöhe,Sichtbetonklasse,Stahlbeton,Status,SurfaceSpreadOfFlame,Volume,WU,WalkingLineOffset,Width,Zugehörigkeit,id,Öffnungsbreite,Öffnungshöhe,Öffnungsrichtung,Überwachungsklasse
,Wand,C30/37,,,,XF3,,,05rUuJDRn9m9ZDHFFuduY3,EG,,6.09229936476,58.86,24.3692,4.0,IfcWall,True,14.705,True,Stahlbeton,Wand-001,,6.09229936476,35.76,14.8982,,,,,,,,,SB2,,['EXISTING'],,,,,0.41,,1142,,,,ÜK1
7.7,Öffnung,,,0.41,,,,,37d9j$X30Cruu_2B4pt45l,,,,,,2.2,IfcOpeningElement,,,,,Fenster-001,,,,,,,,,,,,,,,,,0.2332365,,,3.5,,972,,,,
7.7,Öffnung,,,0.41,,,,,0yD_0pik7$ZGHe5wGTvsv4,,,,,,2.2,IfcOpeningElement,,,,,Fenster-001,,,,,,,,,,,,,,,,,0.2332365,,,3.5,,1031,,,,
7.7,Öffnung,,,0.41,,,,,0p07_yV18Q0daIJQC4ST5h,,,,,,2.2,IfcOpeningElement,,,,,Fenster-002,,,,,,,,,,,,,,,,,0.2332365,,,3.5,,1090,,,,
7.7,Fenster,,,,,,0.EG--Fenster-001,3 Flügel,3s_zmCBwz1KwauAhYsD$WC,EG,,,,,2.2,IfcWindow,True,,,,Fenster-001,,,,,,,11.4,,,,3.5,2.2,,,['EXISTING'],,,,,3.5,EG--,2435,,,,
7.7,Fenster,,,,,,0.EG--Fenster-001,3 Flügel,16e0lg$Sz14fRAwrUSoP1O,EG,,,,,2.2,IfcWindow,True,,,,Fenster-001,,,,,,,11.4,,,,3.5,2.2,,,['EXISTING'],,,,,3.5,EG--,3732,,,,
7.7,Fenster,,,,,,0.EG--Fenster-002,3 Flügel,0PTt1B30TBpPgvbEADxnAB,EG,,,,,2.2,IfcWindow,True,,,,Fenster-002,,,,,,,11.4,,,,3.5,2.2,,,['EXISTING'],,,,,3.5,EG--,3813,,,,
,Wand,,,,,,,,2$oOvCjxj6rweiaCm38UWH,EG,,1.83110067896,44.18,8.0516,4.0,IfcWall,True,11.385,True,,Wand-002,,1.83110067896,42.0489,7.668002,,,,,,,,,,,['EXISTING'],,,,,0.18,,4268,,,,
2.1311,Öffnung,,,0.18,,,,,3J1LCCfAF_mF0mEVS0WhGl,,,,,,2.11,IfcOpeningElement,,,,,Tür-004,,,,,,,,,,,,,,,,,0.111556828,,,1.01,,4233,,,,
2.1311,Tür,,,,,,0.EG--Tür-004,1 Flügel,2dpfLLFRD4MOuzN206v9LW,EG,,,,,2.11,IfcDoor,True,,,,Tür-004,,,,,,,6.24,,,,1.01,2.01,,,['EXISTING'],,,,,1.01,EG--,4908,,,R,
,Wand,C30/37,,,,XF3,,,3oPbUP4rTDx9CcqpnVvBG0,EG,,6.09439935493,58.88,24.3776,4.0,IfcWall,True,14.795,True,Stahlbeton,Wand-003,,6.09439935493,35.78,14.9066,,,,,,,,,SB2,,['EXISTING'],,,,,0.41,,5811,,,,ÜK1
7.7,Öffnung,,,0.41,,,,,083k_Le3PaglwXUKVt940S,,,,,,2.2,IfcOpeningElement,,,,,Fenster-003,,,,,,,,,,,,,,,,,0.2332365,,,3.5,,5650,,,,
7.7,Öffnung,,,0.41,,,,,1MpLJraR1G2r0Xv2NH9xCk,,,,,,2.2,IfcOpeningElement,,,,,Fenster-004,,,,,,,,,,,,,,,,,0.2332365,,,3.5,,5709,,,,
7.7,Öffnung,,,0.41,,,,,3ztJPqgOBnPylSD1KwPmcF,,,,,,2.2,IfcOpeningElement,,,,,Fenster-005,,,,,,,,,,,,,,,,,0.2332365,,,3.5,,5768,,,,
7.7,Fenster,,,,,,0.EG--Fenster-003,3 Flügel,3j3fY6t8D14gCYpS9zI$qs,EG,,,,,2.2,IfcWindow,True,,,,Fenster-003,,,,,,,11.4,,,,3.5,2.2,,,['EXISTING'],,,,,3.5,EG--,7102,,,,
7.7,Fenster,,,,,,0.EG--Fenster-004,3 Flügel,3DGShZcYL2nhPRPEf53ITa,EG,,,,,2.2,IfcWindow,True,,,,Fenster-004,,,,,,,11.4,,,,3.5,2.2,,,['EXISTING'],,,,,3.5,EG--,7183,,,,
7.7,Fenster,,,,,,0.EG--Fenster-005,3 Flügel,28ye_Y7wLDCvvANMyaxKhU,EG,,,,,2.2,IfcWindow,True,,,,Fenster-005,,,,,,,11.4,,,,3.5,2.2,,,['EXISTING'],,,,,3.5,EG--,7264,,,,
,Wand,C30/37,,,,XF3,,,2WXKDfXkL138OweJ9sKHxU,EG,,4.688599161,45.32,18.7544,4.0,IfcWall,True,11.59,True,Stahlbeton,Wand-004,,4.688599161,32.12,13.3424,,,,,,,,,SB2,,['EXISTING'],,,,,0.41,,8197,,,,ÜK1
4.4,Öffnung,,,0.41,,,,,2y2yB1iIGwpHQGo4FYa2YQ,,,,,,2.2,IfcOpeningElement,,,,,Fenster-006,,,,,,,,,,,,,,,,,0.17091,,,2.0,,8036,,,,
4.4,Öffnung,,,0.41,,,,,0dtuBSIT3NFtLRFHuB0C48,,,,,,2.2,IfcOpeningElement,,,,,Fenster-007,,,,,,,,,,,,,,,,,0.17091,,,2.0,,8095,,,,
4.4,Öffnung,,,0.41,,,,,01oOD5nbtqjetfr1szzt7l,,,,,,2.2,IfcOpeningElement,,,,,Fenster-006,,,,,,,,,,,,,,,,,0.17091,,,2.0,,8154,,,,
4.4,Fenster,,,,,,0.EG--Fenster-006,3 Flügel,3JtHoLCTzC4vMRAoVmL_Sm,EG,,,,,2.2,IfcWindow,True,,,,Fenster-006,,,,,,,8.4,,,,2.0,2.2,,,['EXISTING'],,,,,2.0,EG--,9472,,,,
4.4,Fenster,,,,,,0.EG--Fenster-007,3 Flügel,1Q2SdjW_rBd8L2IpDdb9vq,EG,,,,,2.2,IfcWindow,True,,,,Fenster-007,,,,,,,8.4,,,,2.0,2.2,,,['EXISTING'],,,,,2.0,EG--,10763,,,,
4.4,Fenster,,,,,,0.EG--Fenster-006,3 Flügel,2emtezWTXFdxidPQwjgHnE,EG,,,,,2.2,IfcWindow,True,,,,Fenster-006,,,,,,,8.4,,,,2.0,2.2,,,['EXISTING'],,,,,2.0,EG--,10844,,,,
,Wand,C30/37,,,,XF3,,,2QBctAu$r6gwVQJr1jqzKr,EG,,6.09229936476,58.86,24.3692,4.0,IfcWall,True,14.705,True,Stahlbeton,Wand-001,,6.09229936476,35.76,14.8982,,,,,,,,,SB2,,['EXISTING'],,,,,0.41,,11716,,,,ÜK1
7.7,Öffnung,,,0.41,,,,,2PI6BYSd8XmhsRYk_2YpJM,,,,,,2.2,IfcOpeningElement,,,,,Fenster-001,,,,,,,,,,,,,,,,,0.2332365,,,3.5,,11555,,,,
7.7,Öffnung,,,0.41,,,,,1VpCEifDvIWpckohLH5noK,,,,,,2.2,IfcOpeningElement,,,,,Fenster-001,,,,,,,,,,,,,,,,,0.2332365,,,3.5,,11614,,,,
7.7,Öffnung,,,0.41,,,,,2XJDimTq0Sq6HVk1gByALd,,,,,,2.2,IfcOpeningElement,,,,,Fenster-002,,,,,,,,,,,,,,,,,0.2332365,,,3.5,,11673,,,,
7.7,Fenster,,,,,,0.EG--Fenster-001,3 Flügel,2ZK8OHE2f1IvRnW9EpeJGc,EG,,,,,2.2,IfcWindow,True,,,,Fenster-001,,,,,,,11.4,,,,3.5,2.2,,,['EXISTING'],,,,,3.5,EG--,11797,,,,
7.7,Fenster,,,,,,0.EG--Fenster-001,3 Flügel,356Ik9iG5DaxEYdR$Vo21g,EG,,,,,2.2,IfcWindow,True,,,,Fenster-001,,,,,,,11.4,,,,3.5,2.2,,,['EXISTING'],,,,,3.5,EG--,11878,,,,
7.7,Fenster,,,,,,0.EG--Fenster-002,3 Flügel,2Ar49AJnbAdAu4IXeKu_6e,EG,,,,,2.2,IfcWindow,True,,,,Fenster-002,,,,,,,11.4,,,,3.5,2.2,,,['EXISTING'],,,,,3.5,EG--,11959,,,,
,Wand,C30/37,,,,XF3,,,28spleGsPD0Bq8o0D3lVQ_,EG,,4.74870018549,45.54,18.9948,4.0,IfcWall,True,11.59,True,Stahlbeton,Wand-002,,4.74870018549,32.34,13.5828,,,,,,,,,SB2,,['EXISTING'],,,,,0.41,,12895,,,,ÜK1
4.4,Öffnung,,,0.41,,,,,2tqyjSETt7qVJ12LYcdrvM,,,,,,2.2,IfcOpeningElement,,,,,Fenster-006,,,,,,,,,,,,,,,,,0.17091,,,2.0,,12734,,,,
4.4,Öffnung,,,0.41,,,,,3Z6s2t4mNVwlUzhtL$I8vA,,,,,,2.2,IfcOpeningElement,,,,,Fenster-007,,,,,,,,,,,,,,,,,0.17091,,,2.0,,12793,,,,
4.4,Öffnung,,,0.41,,,,,0GU_y4CjN2d0XHMU5RMkQC,,,,,,2.2,IfcOpeningElement,,,,,Fenster-008,,,,,,,,,,,,,,,,,0.17091,,,2.0,,12852,,,,
4.4,Fenster,,,,,,0.EG--Fenster-006,3 Flügel,0RkwJZL3v3QP5WoG0CHOKd,EG,,,,,2.2,IfcWindow,True,,,,Fenster-006,,,,,,,8.4,,,,2.0,2.2,,,['EXISTING'],,,,,2.0,EG--,12976,,,,
4.4,Fenster,,,,,,0.EG--Fenster-007,3 Flügel,0uzdYT5ZX8GwGWk8xNWMEf,EG,,,,,2.2,IfcWindow,True,,,,Fenster-007,,,,,,,8.4,,,,2.0,2.2,,,['EXISTING'],,,,,2.0,EG--,13057,,,,
4.4,Fenster,,,,,,0.EG--Fenster-008,3 Flügel,1X2iqJe6z5GPBGuMKY$uzW,EG,,,,,2.2,IfcWindow,True,,,,Fenster-008,,,,,,,8.4,,,,2.0,2.2,,,['EXISTING'],,,,,2.0,EG--,13138,,,,
,Wand,C30/37,,,,XF3,,,2o_Cx8Ueb4pe1K$9IdmZjp,EG,,6.03430004408,58.66,24.1372,4.0,IfcWall,True,14.795,True,Stahlbeton,Wand-003,,6.03430004408,35.56,14.6662,,,,,,,,,SB2,,['EXISTING'],,,,,0.41,,14034,,,,ÜK1
7.7,Öffnung,,,0.41,,,,,3zbIO9v3YFVX1dBcxmHO30,,,,,,2.2,IfcOpeningElement,,,,,Fenster-003,,,,,,,,,,,,,,,,,0.2332365,,,3.5,,13873,,,,
7.7,Öffnung,,,0.41,,,,,39dYp9cQrwDSaZ9Nlhuw3b,,,,,,2.2,IfcOpeningElement,,,,,Fenster-004,,,,,,,,,,,,,,,,,0.2332365,,,3.5,,13932,,,,
7.7,Öffnung,,,0.41,,,,,1NEfQ56$ABpLZDamwwJhHA,,,,,,2.2,IfcOpeningElement,,,,,Fenster-005,,,,,,,,,,,,,,,,,0.2332365,,,3.5,,13991,,,,
7.7,Fenster,,,,,,0.EG--Fenster-003,3 Flügel,3W19YB6ynAY8mYDI_qtLI4,EG,,,,,2.2,IfcWindow,True,,,,Fenster-003,,,,,,,11.4,,,,3.5,2.2,,,['EXISTING'],,,,,3.5,EG--,14115,,,,
7.7,Fenster,,,,,,0.EG--Fenster-004,3 Flügel,2lD16DEa55hvKXlUBqriwn,EG,,,,,2.2,IfcWindow,True,,,,Fenster-004,,,,,,,11.4,,,,3.5,2.2,,,['EXISTING'],,,,,3.5,EG--,14196,,,,
7.7,Fenster,,,,,,0.EG--Fenster-005,3 Flügel,3$e3dabqz5jOobp9CiC1bg,EG,,,,,2.2,IfcWindow,True,,,,Fenster-005,,,,,,,11.4,,,,3.5,2.2,,,['EXISTING'],,,,,3.5,EG--,14277,,,,
,Wand,,,,,,,,0TyD3BktD3$OK0fsLipg45,EG,,1.8311006161,44.18,8.0516,4.0,IfcWall,True,11.385,True,,Wand-002,,1.8311006161,42.0489,7.668002,,,,,,,,,,,['EXISTING'],,,,,0.18,,14732,,,,
2.1311,Öffnung,,,0.18,,,,,2xfS3y4_36PCTM8aoIQ03O,,,,,,2.11,IfcOpeningElement,,,,,Tür-004,,,,,,,,,,,,,,,,,0.111556828,,,1.01,,14697,,,,
2.1311,Tür,,,,,,0.EG--Tür-004,1 Flügel,10hQEyYLH8APlHcORjt$Ib,EG,,,,,2.11,IfcDoor,True,,,,Tür-004,,,,,,,6.24,,,,1.01,2.01,,,['EXISTING'],,,,,1.01,EG--,15360,,,L,
,Decke,C40/50,,,,XF2,,,3ORwOGNIL8yPoTWgMSavB$,EG,480.0,,,96.0,,IfcSlab,False,,True,Stahlbeton,RD-001,480.0,,,96.0,,,104.0,,,,,,SB3,['EXISTING'],,,False,,0.2,,15475,,,,ÜK2
,Decke,,,,,,,,2cY6SUNC51oxID$5PCCksJ,EG,161.1038,,,16.11038,,IfcSlab,False,,True,,RD-002,155.834,,,15.5834,,,51.18,,,,,,,,['EXISTING'],,,,,0.1,,16650,,,,
,Möbel,,,,,,,,3Y3H7Pp0j4rO2fUMQII1vt,R-020,,,,,,IfcFurniture,,,,,Vitrinenschrank,,,,,,,,,,,,,,,,,,,,,EG--,18435,,,,
,Möbel,,,,,,,,02tvuGWff87vsIvufrUtoh,R-020,,,,,,IfcFurniture,,,,,Sideboard,,,,,,,,,,,,,,,,,,,,,EG--,19998,,,,
,Möbel,,,,,,,,0W_nzFoZfAMBTycavlLXoQ,R-020,,,,,,IfcFurniture,,,,,Sideboard,,,,,,,,,,,,,,,,,,,,,EG--,20040,,,,
,Möbel,,,,,,,,2kthAdCO152vl8zDdQtdjM,R-020,,,,,,IfcFurniture,,,,,Sideboard,,,,,,,,,,,,,,,,,,,,,EG--,21595,,,,
,Möbel,,,,,,,,2uIYuch_v6tOBkmslWMGj7,R-020,,,,,,IfcFurniture,,,,,Sideboard,,,,,,,,,,,,,,,,,,,,,EG--,21633,,,,
,Möbel,,,,,,,,2g3qPlshbAbwOTO_FZCGWB,R-020,,,,,,IfcFurniture,,,,,Büroarbeitsplatz,,,,,,,,,,,,,,,,,,,,,EG--,32460,,,,
,Möbel,,,,,,,,2Jklv73LT2EuV_LvjbndSX,R-020,,,,,,IfcFurniture,,,,,Büroarbeitsplatz,,,,,,,,,,,,,,,,,,,,,EG--,43267,,,,
,Möbel,,,,,,,,0COD_HCmDAXwOvFYEeG17$,R-020,,,,,,IfcFurniture,,,,,Büroarbeitsplatz,,,,,,,,,,,,,,,,,,,,,EG--,54070,,,,
,Möbel,,,,,,,,2CaDbB1CnF7fdXNtMM18yE,R-020,,,,,,IfcFurniture,,,,,Büroarbeitsplatz,,,,,,,,,,,,,,,,,,,,,EG--,64873,,,,
,Möbel,,,,,,,,26u$Zj4vPC0gA_mSoxhg9g,R-020,,,,,,IfcFurniture,,,,,Flipchart,,,,,,,,,,,,,,,,,,,,,EG--,65882,,,,
,Decke,,,,,,,,0I8q7Ti5X4dAsqAJxp8OLF,EG,120.0,,,12.0,,IfcSlab,False,,True,,RD-003,113.8634,,,11.38634,,,44.0,,,,,,,,['EXISTING'],,,,,0.1,,66510,,,,
,Vorhangfassade,,,,,,,,2auBupRvLEVe6igA$LKgM3,EG,,,20.0000000894,,2.00000000447,IfcCurtainWall,True,10.0000000224,,,Fassade-001,,,20.0000000894,,,,,,,,,,,,['EXISTING'],,,,,0.133,,70550,,,,
,Vorhangfassade,,,,,,,,3nvHeFUQX2LgDeatepYBrZ,EG,,,20.000000082,,2.0000000041,IfcCurtainWall,True,10.0000000205,,,Fassade-001,,,20.000000082,,,,,,,,,,,,['EXISTING'],,,,,0.133,,73778,,,,
,Wand,,,,,,,,2z81$Kh_z1jxAw83_QSL3O,EG,,0.391000092056,15.249,1.5249,3.9,IfcWall,True,3.91,True,,Wand-016,,0.391000092056,15.249,1.5249,,,,,,,,,,,['EXISTING'],,,,,0.1,,74114,,,,
,Wand,,,,,,,,2v8LgX2SLEuQvEa0E3R3Dd,EG,,2.05160001849,56.199,10.12862,4.0,IfcWall,True,14.41,True,,Wand-013,,2.05160001849,44.5557,8.032826,,,,,,,,,,,['EXISTING'],,,,,0.18,,75257,,,,
1.75,Öffnung,,,0.18,,,,,2bMnSb$nprPXLtBfGmJnqk,,,,,,0.5,IfcOpeningElement,,,,,Fenster-001,,,,,,,,,,,,,,,,,0.0955205,,,3.5,,74927,,,,
1.75,Öffnung,,,0.18,,,,,2l5iRKomANfDz04Bl2w1yy,,,,,,0.5,IfcOpeningElement,,,,,Fenster-001,,,,,,,,,,,,,,,,,0.0955205,,,3.5,,74986,,,,
1.75,Öffnung,,,0.18,,,,,0ABelkqdV$aIr6G_ZKNJ$Q,,,,,,0.5,IfcOpeningElement,,,,,Fenster-001,,,,,,,,,,,,,,,,,0.0955205,,,3.5,,75045,,,,
2.1311,Öffnung,,,0.18,,,,,2GGnDTT1mld_nlaQgbdK88,,,,,,2.11,IfcOpeningElement,,,,,Tür-004,,,,,,,,,,,,,,,,,0.111556828,,,1.01,,75104,,,,
2.1311,Öffnung,,,0.18,,,,,2iazpxs_n2J3h4QXgVZ95G,,,,,,2.11,IfcOpeningElement,,,,,Tür-004,,,,,,,,,,,,,,,,,0.111556828,,,1.01,,75163,,,,
2.1311,Öffnung,,,0.18,,,,,3JSGwsW9pBuk2X$9MCbroS,,,,,,2.11,IfcOpeningElement,,,,,Tür-004,,,,,,,,,,,,,,,,,0.111556828,,,1.01,,75222,,,,
1.75,Fenster,,,,,,0.EG--Fenster-001,4 Flügel,0brjLQeHvCUBIJpZTv_O6C,EG,,,,,0.5,IfcWindow,True,,,,Fenster-001,,,,,,,8.0,,,,3.5,0.5,,,['EXISTING'],,,,,3.5,EG--,76749,,,,
1.75,Fenster,,,,,,0.EG--Fenster-001,4 Flügel,0ILK2aj3P3vAES4Razsflg,EG,,,,,0.5,IfcWindow,True,,,,Fenster-001,,,,,,,8.0,,,,3.5,0.5,,,['EXISTING'],,,,,3.5,EG--,76834,,,,
1.75,Fenster,,,,,,0.EG--Fenster-001,4 Flügel,1lDWYEggbBDfRefPYAF_59,EG,,,,,0.5,IfcWindow,True,,,,Fenster-001,,,,,,,8.0,,,,3.5,0.5,,,['EXISTING'],,,,,3.5,EG--,76915,,,,
2.1311,Tür,,,,,,0.EG--Tür-004,1 Flügel,09TfpBr7z0IRglHp0wjkO$,EG,,,,,2.11,IfcDoor,True,,,,Tür-004,,,,,,,6.24,,,,1.01,2.01,,,['EXISTING'],,,,,1.01,EG--,76996,,,R,
2.1311,Tür,,,,,,0.EG--Tür-004,1 Flügel,1d0gGZMKfC7xZYbBuBLyYX,EG,,,,,2.11,IfcDoor,True,,,,Tür-004,,,,,,,6.24,,,,1.01,2.01,,,['EXISTING'],,,,,1.01,EG--,77077,,,R,
2.1311,Tür,,,,,,0.EG--Tür-004,1 Flügel,1GmWBFIGfDP8RWRr8lIiX2,EG,,,,,2.11,IfcDoor,True,,,,Tür-004,,,,,,,6.24,,,,1.01,2.01,,,['EXISTING'],,,,,1.01,EG--,77158,,,R,
,Wand,,,,,,,,1dnGDoYtHC7xC_wrVvbRJJ,EG,,2.05159997979,56.199,10.12862,4.0,IfcWall,True,14.41,True,,Wand-014,,2.05159997979,44.5557,8.032826,,,,,,,,,,,['EXISTING'],,,,,0.18,,78297,,,,
1.75,Öffnung,,,0.18,,,,,3bWjd6j$xoFwO1OPBKBNVQ,,,,,,0.5,IfcOpeningElement,,,,,Fenster-001,,,,,,,,,,,,,,,,,0.0955205,,,3.5,,77967,,,,
1.75,Öffnung,,,0.18,,,,,1M3ly4EOZSs2VR4FOO$yrN,,,,,,0.5,IfcOpeningElement,,,,,Fenster-002,,,,,,,,,,,,,,,,,0.0955205,,,3.5,,78026,,,,
1.75,Öffnung,,,0.18,,,,,2cbyAR6dzcfDQOF4YY_zg1,,,,,,0.5,IfcOpeningElement,,,,,Fenster-003,,,,,,,,,,,,,,,,,0.0955205,,,3.5,,78085,,,,
2.1311,Öffnung,,,0.18,,,,,3Difm9R0maxLbfbbdb38UP,,,,,,2.11,IfcOpeningElement,,,,,Tür-004,,,,,,,,,,,,,,,,,0.111556828,,,1.01,,78144,,,,
2.1311,Öffnung,,,0.18,,,,,3VDomhHmL8eq7y6939rpAE,,,,,,2.11,IfcOpeningElement,,,,,Tür-004,,,,,,,,,,,,,,,,,0.111556828,,,1.01,,78203,,,,
2.1311,Öffnung,,,0.18,,,,,3AhDcD9ZtnUFglLQSYnt5S,,,,,,2.11,IfcOpeningElement,,,,,Tür-004,,,,,,,,,,,,,,,,,0.111556828,,,1.01,,78262,,,,
1.75,Fenster,,,,,,0.EG--Fenster-001,4 Flügel,2Nc0wpLIL35eLfxBzJzB0e,EG,,,,,0.5,IfcWindow,True,,,,Fenster-001,,,,,,,8.0,,,,3.5,0.5,,,['EXISTING'],,,,,3.5,EG--,79773,,,,
1.75,Fenster,,,,,,0.EG--Fenster-002,4 Flügel,2IFBOuncv9ZAL1Z3vZn2Ai,EG,,,,,0.5,IfcWindow,True,,,,Fenster-002,,,,,,,8.0,,,,3.5,0.5,,,['EXISTING'],,,,,3.5,EG--,81265,,,,
1.75,Fenster,,,,,,0.EG--Fenster-003,4 Flügel,03iMzmUAb70PMTR4_SK9cw,EG,,,,,0.5,IfcWindow,True,,,,Fenster-003,,,,,,,8.0,,,,3.5,0.5,,,['EXISTING'],,,,,3.5,EG--,81346,,,,
2.1311,Tür,,,,,,0.EG--Tür-004,1 Flügel,1JPBs1$ZXD99qFBnASrHpZ,EG,,,,,2.11,IfcDoor,True,,,,Tür-004,,,,,,,6.24,,,,1.01,2.01,,,['EXISTING'],,,,,1.01,EG--,81427,,,L,
2.1311,Tür,,,,,,0.EG--Tür-004,1 Flügel,0fNO6DI0nCQwLzxqS$0TXP,EG,,,,,2.11,IfcDoor,True,,,,Tür-004,,,,,,,6.24,,,,1.01,2.01,,,['EXISTING'],,,,,1.01,EG--,81508,,,L,
2.1311,Tür,,,,,,0.EG--Tür-004,1 Flügel,3i4iwwigHERfQZ$_Gk1_Jq,EG,,,,,2.11,IfcDoor,True,,,,Tür-004,,,,,,,6.24,,,,1.01,2.01,,,['EXISTING'],,,,,1.01,EG--,81589,,,L,
,Wand,,,,,,,,1YtsYgDCP60OzGYMCJj9CE,EG,,0.391000092056,15.249,1.5249,3.9,IfcWall,True,3.91,True,,Wand-015,,0.391000092056,15.249,1.5249,,,,,,,,,,,['EXISTING'],,,,,0.1,,81913,,,,
,Wand,,,,,,,,24L7XeQ0r51AkLdKIJ$plE,EG,,0.391000092056,15.249,1.5249,3.9,IfcWall,True,3.91,True,,Wand-015,,0.391000092056,15.249,1.5249,,,,,,,,,,,['EXISTING'],,,,,0.1,,82237,,,,
,Wand,,,,,,,,3asJ80GTnCbOqFdVGerg6j,EG,,2.05160001849,56.199,10.12862,4.0,IfcWall,True,14.41,True,,Wand-013,,2.05160001849,44.5557,8.032826,,,,,,,,,,,['EXISTING'],,,,,0.18,,83376,,,,
1.75,Öffnung,,,0.18,,,,,0ot_uCp0J6IZ8rQxwvjnol,,,,,,0.5,IfcOpeningElement,,,,,Fenster-001,,,,,,,,,,,,,,,,,0.0955205,,,3.5,,83046,,,,
1.75,Öffnung,,,0.18,,,,,0lRRbQ7FUsSf1udbBsZ69_,,,,,,0.5,IfcOpeningElement,,,,,Fenster-001,,,,,,,,,,,,,,,,,0.0955205,,,3.5,,83105,,,,
1.75,Öffnung,,,0.18,,,,,0pfuRRujqbgrhoybJQyK7h,,,,,,0.5,IfcOpeningElement,,,,,Fenster-001,,,,,,,,,,,,,,,,,0.0955205,,,3.5,,83164,,,,
2.1311,Öffnung,,,0.18,,,,,0HXjfumixUE3dEitzjqadB,,,,,,2.11,IfcOpeningElement,,,,,Tür-004,,,,,,,,,,,,,,,,,0.111556828,,,1.01,,83223,,,,
2.1311,Öffnung,,,0.18,,,,,0X$jr8ll7z_9YR_8FOEzci,,,,,,2.11,IfcOpeningElement,,,,,Tür-004,,,,,,,,,,,,,,,,,0.111556828,,,1.01,,83282,,,,
2.1311,Öffnung,,,0.18,,,,,0pdVT1potivzhvvuieXVw6,,,,,,2.11,IfcOpeningElement,,,,,Tür-004,,,,,,,,,,,,,,,,,0.111556828,,,1.01,,83341,,,,
1.75,Fenster,,,,,,0.EG--Fenster-001,4 Flügel,12NndbDCH1cR7QnFE6evbt,EG,,,,,0.5,IfcWindow,True,,,,Fenster-001,,,,,,,8.0,,,,3.5,0.5,,,['EXISTING'],,,,,3.5,EG--,83457,,,,
1.75,Fenster,,,,,,0.EG--Fenster-001,4 Flügel,0PXnMxPWzFA9FqFep1Eivt,EG,,,,,0.5,IfcWindow,True,,,,Fenster-001,,,,,,,8.0,,,,3.5,0.5,,,['EXISTING'],,,,,3.5,EG--,83538,,,,
1.75,Fenster,,,,,,0.EG--Fenster-001,4 Flügel,0KsqCi57n6fgoPiA2My0sT,EG,,,,,0.5,IfcWindow,True,,,,Fenster-001,,,,,,,8.0,,,,3.5,0.5,,,['EXISTING'],,,,,3.5,EG--,83619,,,,
2.1311,Tür,,,,,,0.EG--Tür-004,1 Flügel,0BuVRNVI19pf_6dTAlYclx,EG,,,,,2.11,IfcDoor,True,,,,Tür-004,,,,,,,6.24,,,,1.01,2.01,,,['EXISTING'],,,,,1.01,EG--,83700,,,L,
2.1311,Tür,,,,,,0.EG--Tür-004,1 Flügel,1S52Pl08j7DBi5zrXGqi_p,EG,,,,,2.11,IfcDoor,True,,,,Tür-004,,,,,,,6.24,,,,1.01,2.01,,,['EXISTING'],,,,,1.01,EG--,83781,,,L,
2.1311,Tür,,,,,,0.EG--Tür-004,1 Flügel,1oNAGaXTHF$9SqDZDlkbvR,EG,,,,,2.11,IfcDoor,True,,,,Tür-004,,,,,,,6.24,,,,1.01,2.01,,,['EXISTING'],,,,,1.01,EG--,83862,,,L,
,Wand,,,,,,,,2ODfL8v6rCFwHINiN$yqcJ,EG,,2.05159997979,56.199,10.12862,4.0,IfcWall,True,14.41,True,,Wand-014,,2.05159997979,44.5557,8.032826,,,,,,,,,,,['EXISTING'],,,,,0.18,,85001,,,,
1.75,Öffnung,,,0.18,,,,,0oc2JjKTtKFLgXBTdt$t2u,,,,,,0.5,IfcOpeningElement,,,,,Fenster-001,,,,,,,,,,,,,,,,,0.0955205,,,3.5,,84671,,,,
1.75,Öffnung,,,0.18,,,,,2IMy5MlDcLK0fWyTtCEwkx,,,,,,0.5,IfcOpeningElement,,,,,Fenster-002,,,,,,,,,,,,,,,,,0.0955205,,,3.5,,84730,,,,
1.75,Öffnung,,,0.18,,,,,326hg_yl8FL_5p3cmOAAot,,,,,,0.5,IfcOpeningElement,,,,,Fenster-003,,,,,,,,,,,,,,,,,0.0955205,,,3.5,,84789,,,,
2.1311,Öffnung,,,0.18,,,,,1cl5j8nAfCawixrNi74$DU,,,,,,2.11,IfcOpeningElement,,,,,Tür-004,,,,,,,,,,,,,,,,,0.111556828,,,1.01,,84848,,,,
2.1311,Öffnung,,,0.18,,,,,11vJrtCbzlBoK1MkPkUKXt,,,,,,2.11,IfcOpeningElement,,,,,Tür-004,,,,,,,,,,,,,,,,,0.111556828,,,1.01,,84907,,,,
2.1311,Öffnung,,,0.18,,,,,1XqQP3YHCkpTZBFXzgb6lV,,,,,,2.11,IfcOpeningElement,,,,,Tür-004,,,,,,,,,,,,,,,,,0.111556828,,,1.01,,84966,,,,
1.75,Fenster,,,,,,0.EG--Fenster-001,4 Flügel,1IadlJXTzCWPn8zP$tpFk8,EG,,,,,0.5,IfcWindow,True,,,,Fenster-001,,,,,,,8.0,,,,3.5,0.5,,,['EXISTING'],,,,,3.5,EG--,86477,,,,
1.75,Fenster,,,,,,0.EG--Fenster-002,4 Flügel,1oSTvjg5b9$e4W8MV8zZEg,EG,,,,,0.5,IfcWindow,True,,,,Fenster-002,,,,,,,8.0,,,,3.5,0.5,,,['EXISTING'],,,,,3.5,EG--,86558,,,,
1.75,Fenster,,,,,,0.EG--Fenster-003,4 Flügel,1kD57oQ05FQBsIgJntiuUU,EG,,,,,0.5,IfcWindow,True,,,,Fenster-003,,,,,,,8.0,,,,3.5,0.5,,,['EXISTING'],,,,,3.5,EG--,86639,,,,
2.1311,Tür,,,,,,0.EG--Tür-004,1 Flügel,1FxlvwfDvBF99$36l0uJH5,EG,,,,,2.11,IfcDoor,True,,,,Tür-004,,,,,,,6.24,,,,1.01,2.01,,,['EXISTING'],,,,,1.01,EG--,86720,,,R,
2.1311,Tür,,,,,,0.EG--Tür-004,1 Flügel,2xGtQI3uH4nOq5yhMNsJtr,EG,,,,,2.11,IfcDoor,True,,,,Tür-004,,,,,,,6.24,,,,1.01,2.01,,,['EXISTING'],,,,,1.01,EG--,86801,,,R,
2.1311,Tür,,,,,,0.EG--Tür-004,1 Flügel,1yANx7uo9648R5OcRBbTo_,EG,,,,,2.11,IfcDoor,True,,,,Tür-004,,,,,,,6.24,,,,1.01,2.01,,,['EXISTING'],,,,,1.01,EG--,86882,,,R,
,Wand,,,,,,,,1p8Kxw3O93eOORgfmEm$mJ,EG,,0.391000092056,15.249,1.5249,3.9,IfcWall,True,3.91,True,,Wand-015,,0.391000092056,15.249,1.5249,,,,,,,,,,,['EXISTING'],,,,,0.1,,87206,,,,
,Decke,,,,,,,,1L6hsLmvv16gR6ujgeqmm2,EG,161.1038,,,16.11038,,IfcSlab,False,,True,,RD-002,155.834,,,15.5834,,,51.18,,,,,,,,['EXISTING'],,,,,0.1,,88357,,,,
,Wand,,,,,,,,2FRDx3JUH2swcWdF3F8jvV,EG,,0.391000092056,15.249,1.5249,3.9,IfcWall,True,3.91,True,,Wand-015,,0.391000092056,15.249,1.5249,,,,,,,,,,,['EXISTING'],,,,,0.1,,88681,,,,
,Wand,,,,,,,,3BAm3rhjn53QKTYhk9fPSg,EG,,0.391000092056,15.249,1.5249,3.9,IfcWall,True,3.91,True,,Wand-016,,0.391000092056,15.249,1.5249,,,,,,,,,,,['EXISTING'],,,,,0.1,,89005,,,,
,Wand,C30/37,,,,XF3,,,2j96Vzeub3LhpxOgpAGfhn,EG,,4.10000029802,40.0,16.4,4.0,IfcWall,True,10.0,True,Stahlbeton,Wand-002,,4.10000029802,34.0,13.94,,,,,,,,,SB2,,['EXISTING'],,,,,0.41,,89868,,,,ÜK1
2.0,Öffnung,,,0.41,,,,,39Xq2nz$8$3MWxk0IRX7To,,,,,,1.0,IfcOpeningElement,,,,,Fenster-006,,,,,,,,,,,,,,,,,0.09219,,,2.0,,89707,,,,
2.0,Öffnung,,,0.41,,,,,3iiVmbkHehhlsnMER6LlwE,,,,,,1.0,IfcOpeningElement,,,,,Fenster-007,,,,,,,,,,,,,,,,,0.09219,,,2.0,,89766,,,,
2.0,Öffnung,,,0.41,,,,,0g1VTQLmoGw3qGUj7cv6fQ,,,,,,1.0,IfcOpeningElement,,,,,Fenster-008,,,,,,,,,,,,,,,,,0.09219,,,2.0,,89825,,,,
2.0,Fenster,,,,,,0.EG--Fenster-006,3 Flügel,366xFG1tX9Ie1oMPvAcM9j,EG,,,,,1.0,IfcWindow,True,,,,Fenster-006,,,,,,,6.0,,,,2.0,1.0,,,['EXISTING'],,,,,2.0,EG--,91159,,,,
2.0,Fenster,,,,,,0.EG--Fenster-007,3 Flügel,3Sg704G1P7qB8LEO4dArxO,EG,,,,,1.0,IfcWindow,True,,,,Fenster-007,,,,,,,6.0,,,,2.0,1.0,,,['EXISTING'],,,,,2.0,EG--,91240,,,,
2.0,Fenster,,,,,,0.EG--Fenster-008,3 Flügel,3XwZTBQXLDMhaPrzpCbSRo,EG,,,,,1.0,IfcWindow,True,,,,Fenster-008,,,,,,,6.0,,,,2.0,1.0,,,['EXISTING'],,,,,2.0,EG--,91321,,,,
,Wand,,,,,,,,1xq$rwXJ10N95xVAAlx9l6,EG,,1.25779966983,40.0,7.2128,4.0,IfcWall,True,10.0,True,,Wand-013,,1.25779966983,30.6067,5.522006,,,,,,,,,,,['EXISTING'],,,,,0.18,,92440,,,,
1.0,Öffnung,,,0.18,,,,,2akIZXe7UMn7gfq7FnvbtY,,,,,,0.5,IfcOpeningElement,,,,,Fenster-001,,,,,,,,,,,,,,,,,0.058694,,,2.0,,92110,,,,
1.0,Öffnung,,,0.18,,,,,1llIzGRnR5TPslg0y2epGc,,,,,,0.5,IfcOpeningElement,,,,,Fenster-002,,,,,,,,,,,,,,,,,0.058694,,,2.0,,92169,,,,
1.0,Öffnung,,,0.18,,,,,270y2nvyICtAeske$sNGm_,,,,,,0.5,IfcOpeningElement,,,,,Fenster-003,,,,,,,,,,,,,,,,,0.058694,,,2.0,,92228,,,,
2.1311,Öffnung,,,0.18,,,,,0KoW3CRkyNyUGaHtBQCN5L,,,,,,2.11,IfcOpeningElement,,,,,Tür-004,,,,,,,,,,,,,,,,,0.111556828,,,1.01,,92287,,,,
2.1311,Öffnung,,,0.18,,,,,11l_beIbApFmtE01eeRsDi,,,,,,2.11,IfcOpeningElement,,,,,Tür-004,,,,,,,,,,,,,,,,,0.111556828,,,1.01,,92346,,,,
2.1311,Öffnung,,,0.18,,,,,01oH3RmA6IVxFrjnBv6W_T,,,,,,2.11,IfcOpeningElement,,,,,Tür-004,,,,,,,,,,,,,,,,,0.111556828,,,1.01,,92405,,,,
1.0,Fenster,,,,,,0.EG--Fenster-001,4 Flügel,2ctGf5N_jEm8zimbhWE50e,EG,,,,,0.5,IfcWindow,True,,,,Fenster-001,,,,,,,5.0,,,,2.0,0.5,,,['EXISTING'],,,,,2.0,EG--,93932,,,,
1.0,Fenster,,,,,,0.EG--Fenster-002,4 Flügel,1F8_TV7MH2LfWDLzToyUkQ,EG,,,,,0.5,IfcWindow,True,,,,Fenster-002,,,,,,,5.0,,,,2.0,0.5,,,['EXISTING'],,,,,2.0,EG--,95408,,,,
1.0,Fenster,,,,,,0.EG--Fenster-003,4 Flügel,3A8zV31Q51Mg$IEkiQv9f7,EG,,,,,0.5,IfcWindow,True,,,,Fenster-003,,,,,,,5.0,,,,2.0,0.5,,,['EXISTING'],,,,,2.0,EG--,95489,,,,
2.1311,Tür,,,,,,0.EG--Tür-004,1 Flügel,1L1npSyDL0VA5oXuD_$LzT,EG,,,,,2.11,IfcDoor,True,,,,Tür-004,,,,,,,6.24,,,,1.01,2.01,,,['EXISTING'],,,,,1.01,EG--,95570,,,R,
2.1311,Tür,,,,,,0.EG--Tür-004,1 Flügel,0ACdeyPYf8AAjnUE$MljEe,EG,,,,,2.11,IfcDoor,True,,,,Tür-004,,,,,,,6.24,,,,1.01,2.01,,,['EXISTING'],,,,,1.01,EG--,95651,,,R,
2.1311,Tür,,,,,,0.EG--Tür-004,1 Flügel,1nBKCMDR57$gLPACC$z4h7,EG,,,,,2.11,IfcDoor,True,,,,Tür-004,,,,,,,6.24,,,,1.01,2.01,,,['EXISTING'],,,,,1.01,EG--,95732,,,R,
,Wand,,,,,,,,1rp0xnRoT11OQvq8LGcAAW,EG,,0.391000092056,15.64,1.564,4.0,IfcWall,True,3.91,True,,Wand-015,,0.391000092056,15.64,1.564,,,,,,,,,,,['EXISTING'],,,,,0.1,,96056,,,,
,Wand,,,,,,,,2Lg69W2TPC685vPaEUIFhV,EG,,0.391000092056,15.64,1.564,4.0,IfcWall,True,3.91,True,,Wand-016,,0.391000092056,15.64,1.564,,,,,,,,,,,['EXISTING'],,,,,0.1,,96380,,,,
,Treppe,,,,,,,,3Yk8$TG5j8bhKFAnaNtZOX,EG,,,,,,IfcStair,False,,False,,Treppe-001,,,,,20.0,21.0,,,2.2,0.1995,,,,,['EXISTING'],,,,6.236,,,99288,,,,
,Treppe,,,,,,,,3pJu7PV7TBzwUNG63iBDQF,EG,,,,,,IfcStair,False,,False,,Treppe-001,,,,,20.0,21.0,,,2.2,0.1995,,,,,['EXISTING'],,,,6.236,,,102263,,,,
,Sanitärobjekt,,,,,,,,0KLY4szYf9cgrYtM_K93C5,R-008,,,,,,IfcSanitaryTerminal,,,,,Doppelwaschbecken,,,,,,,,,,,,,,,,,,,,,EG--,108258,,,,
,Wand,,,,,,,,1aMewgApT5duiJZKR6OIWg,R-008,,0.0910000179708,6.09,0.609,2.1,IfcWall,True,2.9,True,,Wand-012,,0.0910000179708,2.1543,0.21045,,,,,,,,,,,['EXISTING'],,,,,0.1,,109087,,,,
1.9056,Öffnung,,,0.1,,,,,3Cudvs3qvcAJglzEzPFMKy,,,,,,1.985,IfcOpeningElement,,,,,Tür-004,,,,,,,,,,,,,,,,,0.111556828,,,0.96,,108953,,,,
1.9056,Öffnung,,,0.1,,,,,3l7gvQvg1d_hCrai41fFvU,,,,,,1.985,IfcOpeningElement,,,,,Tür-004,,,,,,,,,,,,,,,,,0.111631828,,,0.96,,109052,,,,
1.9056,Tür,,,,,,0.EG--Tür-004,1 Flügel,3fPbOi9qz2c8QxsvhxRH9A,R-008,,,,,1.985,IfcDoor,True,,,,Tür-004,,,,,,,5.89,,,,1.01,2.01,,,['EXISTING'],,,,,0.96,EG--,109715,,,R,
1.9056,Tür,,,,,,0.EG--Tür-004,1 Flügel,2bMyTVvtL6NBsgFKaGGMYF,R-008,,,,,1.985,IfcDoor,True,,,,Tür-004,,,,,,,5.89,,,,1.01,2.01,,,['EXISTING'],,,,,0.96,EG--,110327,,,L,
,Wand,,,,,,,,1GCqS$iX139OxZc036omaC,R-008,,0.199855087525,4.19695683802,0.419695683802,2.1,IfcWall,True,1.99855087525,True,,Wand-012,,0.199855087525,4.19695683802,0.419695683802,,,,,,,,,,,['EXISTING'],,,,,0.1,,110664,,,,
,Sanitärobjekt,,,,,,,,1MX2WlGC94tg8SuInLrDkU,R-008,,,,,,IfcSanitaryTerminal,,,,,Handtrockner,,,,,,,,,,,,,,,,,,,,,EG--,112231,,,,
,Sanitärobjekt,,,,,,,,06LmVzI$PCGBB2c4CJcsfO,R-008,,,,,,IfcSanitaryTerminal,,,,,WC,,,,,,,,,,,,,,,,,,,,,EG--,135342,,,,
,Sanitärobjekt,,,,,,,,0jrOtuD9r4khj66Wg$Nr7y,R-008,,,,,,IfcSanitaryTerminal,,,,,WC,,,,,,,,,,,,,,,,,,,,,EG--,135384,,,,
,Sanitärobjekt,,,,,,,,2ePcD3ylf6S8yCLa_DG8S5,R-009,,,,,,IfcSanitaryTerminal,,,,,Urinal ,,,,,,,,,,,,,,,,,,,,,EG--,136938,,,,
,Sanitärobjekt,,,,,,,,0v09gpHGH29hsFzZZCENQH,R-009,,,,,,IfcSanitaryTerminal,,,,,Urinal ,,,,,,,,,,,,,,,,,,,,,EG--,136980,,,,
,Sanitärobjekt,,,,,,,,1uDKTWLn9CUeP4oXRw7uVk,R-009,,,,,,IfcSanitaryTerminal,,,,,Urinal ,,,,,,,,,,,,,,,,,,,,,EG--,137018,,,,
,Sanitärobjekt,,,,,,,,0HzRhx4w11thUiJY3ttvRa,R-009,,,,,,IfcSanitaryTerminal,,,,,Doppelwaschbecken,,,,,,,,,,,,,,,,,,,,,EG--,137056,,,,
,Wand,,,,,,,,34yuCW6XvDju9JPTjDf_Q6,R-009,,0.0470625,3.058125,0.30778125,2.1,IfcWall,True,1.45,True,,Wand-012,,0.0470625,1.090275,0.10850625,,,,,,,,,,,['EXISTING'],,,,,0.1,,137638,,,,
1.9056,Öffnung,,,0.1,,,,,3cf5IVloEpx5HYo$Ro5LkA,,,,,,1.985,IfcOpeningElement,,,,,Tür-004,,,,,,,,,,,,,,,,,0.111556828,,,0.96,,137603,,,,
1.9056,Tür,,,,,,0.EG--Tür-004,1 Flügel,11JyRzDu9AePOIUFamH$A7,R-009,,,,,1.985,IfcDoor,True,,,,Tür-004,,,,,,,5.89,,,,1.01,2.01,,,['EXISTING'],,,,,0.96,EG--,137719,,,R,
,Wand,,,,,,,,0s3QoswRj4lPOw92vvg5e_,R-009,,0.203292587525,4.28883183802,0.426914433802,2.1,IfcWall,True,2.04855087525,True,,Wand-012,,0.203292587525,4.28883183802,0.426914433802,,,,,,,,,,,['EXISTING'],,,,,0.1,,138056,,,,
,Sanitärobjekt,,,,,,,,2LUyXHDqb2fPBlle6VF5cO,R-009,,,,,,IfcSanitaryTerminal,,,,,Handtrockner,,,,,,,,,,,,,,,,,,,,,EG--,138093,,,,
,Sanitärobjekt,,,,,,,,36JojM_3n18gat0dDNBl6x,R-009,,,,,,IfcSanitaryTerminal,,,,,WC,,,,,,,,,,,,,,,,,,,,,EG--,138131,,,,
,Sanitärobjekt,,,,,,,,1_Rb49x_j4Dga$DPnaHax9,R-010,,,,,,IfcSanitaryTerminal,,,,,Doppelwaschbecken,,,,,,,,,,,,,,,,,,,,,EG--,138290,,,,
,Sanitärobjekt,,,,,,,,3l68fY5R12OOIBYeO65GFP,R-010,,,,,,IfcSanitaryTerminal,,,,,WC barrierefrei,,,,,,,,,,,,,,,,,,,,,EG--,143482,,,,
,Sanitärobjekt,,,,,,,,0lRSt8JGXDrfimMpjXi_Jg,R-010,,,,,,IfcSanitaryTerminal,,,,,Handtrockner,,,,,,,,,,,,,,,,,,,,,EG--,143524,,,,
,Sanitärobjekt,,,,,,,,2CMM8lK4r6Te25vAltd1gc,R-010,,,,,,IfcSanitaryTerminal,,,,,Stand Bidet,,,,,,,,,,,,,,,,,,,,,EG--,156520,,,,
,Sanitärobjekt,,,,,,,,0ffrBHW$H4GuWXkLnW20zC,R-010,,,,,,IfcSanitaryTerminal,,,,,Duschabtrennung ,,,,,,,,,,,,,,,,,,,,,EG--,164112,,,,
,Sanitärobjekt,,,,,,,,0$NtCeT5b1VumXw7e1VkrH,R-010,,,,,,IfcSanitaryTerminal,,,,,Stuhl-018,,,,,,,,,,,,,,,,,,,,,EG--,166379,,,,
,Möbel,,,,,,,,2sD305Ifv7POTbw70a1tjv,R-010,,,,,,IfcFurniture,,,,,Regal ,,,,,,,,,,,,,,,,,,,,,EG--,168949,,,,
,Allgemeines Bauteil,,51⁵/136,,cm,,,,1x9JXj7Zz2MRud7pgwinvA,R-011,,,,,,IfcBuildingElementProxy,False,,False,,Zimmerpflanze,,,,,,,,,,,,,,,['EXISTING'],,,,,,,172550,51⁵,136,,
,Allgemeines Bauteil,,51⁵/136,,cm,,,,2JzvEMsCr6RA14A$7uEJP6,R-011,,,,,,IfcBuildingElementProxy,False,,False,,Zimmerpflanze,,,,,,,,,,,,,,,['EXISTING'],,,,,,,176016,51⁵,136,,
,Allgemeines Bauteil,,51⁵/136,,cm,,,,3H75jWTVDDOeBEV4eNlv52,R-011,,,,,,IfcBuildingElementProxy,False,,False,,Zimmerpflanze,,,,,,,,,,,,,,,['EXISTING'],,,,,,,179478,51⁵,136,,
,Allgemeines Bauteil,,51⁵/136,,cm,,,,0TV1zOCSz9NAvHGKU9Xr0A,R-011,,,,,,IfcBuildingElementProxy,False,,False,,Zimmerpflanze,,,,,,,,,,,,,,,['EXISTING'],,,,,,,182940,51⁵,136,,
,Allgemeines Bauteil,,51⁵/136,,cm,,,,2HXa0Kehj1ffrfXeEi5zqD,R-011,,,,,,IfcBuildingElementProxy,False,,False,,Zimmerpflanze,,,,,,,,,,,,,,,['EXISTING'],,,,,,,186402,51⁵,136,,
,Möbel,,,,,,,,121cDjwyH4wQ$9jkCrrXKz,R-012,,,,,,IfcFurniture,,,,,Büroarbeitsplatz,,,,,,,,,,,,,,,,,,,,,EG--,197328,,,,
,Möbel,,,,,,,,1We$58QW96rggr3NyYcWZf,R-012,,,,,,IfcFurniture,,,,,Büroarbeitsplatz,,,,,,,,,,,,,,,,,,,,,EG--,208131,,,,
,Möbel,,,,,,,,0yVVdKbu94phhvf_ydDmVx,R-012,,,,,,IfcFurniture,,,,,Büroarbeitsplatz,,,,,,,,,,,,,,,,,,,,,EG--,218934,,,,
,Möbel,,,,,,,,0FFx0RUab7VBkg_T3cjWGA,R-012,,,,,,IfcFurniture,,,,,Flipchart,,,,,,,,,,,,,,,,,,,,,EG--,219939,,,,
,Möbel,,,,,,,,0a4qA_McfDveekJwVtJV_O,R-012,,,,,,IfcFurniture,,,,,Vitrinenschrank,,,,,,,,,,,,,,,,,,,,,EG--,221574,,,,
,Möbel,,,,,,,,0gwqi5bsj8w9hitNzQB28m,R-012,,,,,,IfcFurniture,,,,,Sideboard,,,,,,,,,,,,,,,,,,,,,EG--,221612,,,,
,Möbel,,,,,,,,1bMyd00gL0qxNnwpxuItIS,R-012,,,,,,IfcFurniture,,,,,Sideboard,,,,,,,,,,,,,,,,,,,,,EG--,221650,,,,
,Möbel,,,,,,,,0e5xRos1zEDeKSCKeHCBgs,R-012,,,,,,IfcFurniture,,,,,Sideboard,,,,,,,,,,,,,,,,,,,,,EG--,221688,,,,
,Möbel,,,,,,,,324pZ9195FYPLzzWZvUS1p,R-012,,,,,,IfcFurniture,,,,,Sideboard,,,,,,,,,,,,,,,,,,,,,EG--,221726,,,,
,Möbel,,,,,,,,1Sr1elhgr2oRoAAiC42Fbe,R-012,,,,,,IfcFurniture,,,,,Büroarbeitsplatz,,,,,,,,,,,,,,,,,,,,,EG--,232529,,,,
,Möbel,,,,,,,,1wPGueYif8lBJ3UrozIROw,R-013,,,,,,IfcFurniture,,,,,Unterschrank,,,,,,,,,,,,,,,,,,,,,EG--,233465,,,,
,Möbel,,,,,,,,1Xgz16cvf5lAq1jsxxU0u_,R-013,,,,,,IfcFurniture,,,,,Unterschrank,,,,,,,,,,,,,,,,,,,,,EG--,233507,,,,
,Möbel,,,,,,,,0AZzQ8j6v0SfrbpPUBKNQf,R-013,,,,,,IfcFurniture,,,,,Unterschrank,,,,,,,,,,,,,,,,,,,,,EG--,235141,,,,
,Möbel,,,,,,,,3qBREFQ4X8y86WRvMv0gQX,R-013,,,,,,IfcFurniture,,,,,Unterschrank,,,,,,,,,,,,,,,,,,,,,EG--,235437,,,,
,Sanitärobjekt,,,,,,,,38G5_LBnb5IQa_mB$kwbkt,R-013,,,,,,IfcSanitaryTerminal,,,,,Büroplanung ,,,,,,,,,,,,,,,,,,,,,EG--,239232,,,,
,Möbel,,,,,,,,0YoTvNgUb1d8giXKAodL8q,R-013,,,,,,IfcFurniture,,,,,Büroplanung ,,,,,,,,,,,,,,,,,,,,,EG--,240434,,,,
,Möbel,,,,,,,,2cD7z9yC52ORgTWzNFTvGJ,R-013,,,,,,IfcFurniture,,,,,Büroarbeitsplatz,,,,,,,,,,,,,,,,,,,,,EG--,251203,,,,
,Möbel,,,,,,,,37DbD6D6L1UuFIgYRYHroi,R-013,,,,,,IfcFurniture,,,,,Büroarbeitsplatz,,,,,,,,,,,,,,,,,,,,,EG--,261968,,,,
,Möbel,,,,,,,,1gA$gSwP56VQ23SUQhE96Z,R-013,,,,,,IfcFurniture,,,,,Büroarbeitsplatz,,,,,,,,,,,,,,,,,,,,,EG--,272733,,,,
,Möbel,,,,,,,,3c2mKiwMz33fv4oj6irJ4I,R-013,,,,,,IfcFurniture,,,,,Büroarbeitsplatz,,,,,,,,,,,,,,,,,,,,,EG--,283498,,,,
,Möbel,,,,,,,,0JGWTDOwXCLx1tUm4ZPVLA,R-013,,,,,,IfcFurniture,,,,,Büroarbeitsplatz,,,,,,,,,,,,,,,,,,,,,EG--,294263,,,,
,Möbel,,,,,,,,25EjsHMp55Cw0cH9aar38B,R-013,,,,,,IfcFurniture,,,,,Büroarbeitsplatz,,,,,,,,,,,,,,,,,,,,,EG--,305028,,,,
,Möbel,,,,,,,,1fKERq_r58cxabJ_0o68lI,R-013,,,,,,IfcFurniture,,,,,Unterschrank,,,,,,,,,,,,,,,,,,,,,EG--,305066,,,,
,Möbel,,,,,,,,3YlNLEERvAvQUxqEzZ0Tji,R-013,,,,,,IfcFurniture,,,,,Büroarbeitsplatz,,,,,,,,,,,,,,,,,,,,,EG--,315831,,,,
,Möbel,,,,,,,,13D6CGGx95AuzwB5tgfeiC,R-013,,,,,,IfcFurniture,,,,,Büroarbeitsplatz,,,,,,,,,,,,,,,,,,,,,EG--,326596,,,,
,Möbel,,,,,,,,3JLZwRIPr8ehMoMD_bJFtS,R-013,,,,,,IfcFurniture,,,,,Büroarbeitsplatz,,,,,,,,,,,,,,,,,,,,,EG--,337361,,,,
,Möbel,,,,,,,,3txwCnzmL02vtc_eNjVoly,R-013,,,,,,IfcFurniture,,,,,Büroplanung ,,,,,,,,,,,,,,,,,,,,,EG--,337896,,,,
,Möbel,,,,,,,,2nKb8q39TD19QbR7SdW47G,R-013,,,,,,IfcFurniture,,,,,Büroarbeitsplatz,,,,,,,,,,,,,,,,,,,,,EG--,348665,,,,
,Möbel,,,,,,,,1w6EzOe0X8P9iehyN_UsXW,R-014,,,,,,IfcFurniture,,,,,Sideboard,,,,,,,,,,,,,,,,,,,,,EG--,348824,,,,
,Möbel,,,,,,,,1g1_Z86U5DIP7_Mma2eGgF,R-014,,,,,,IfcFurniture,,,,,Büroarbeitsplatz,,,,,,,,,,,,,,,,,,,,,EG--,359627,,,,
,Möbel,,,,,,,,28AoUdgj981wu6VaDX7skX,R-014,,,,,,IfcFurniture,,,,,Büroarbeitsplatz,,,,,,,,,,,,,,,,,,,,,EG--,370430,,,,
,Möbel,,,,,,,,2xRA3TcjDAZ8Z1PAhA$zH3,R-014,,,,,,IfcFurniture,,,,,Büroarbeitsplatz,,,,,,,,,,,,,,,,,,,,,EG--,381233,,,,
,Möbel,,,,,,,,2JYeNQ3Dj8e8g8fwtIQ6zu,R-014,,,,,,IfcFurniture,,,,,Büroarbeitsplatz,,,,,,,,,,,,,,,,,,,,,EG--,392036,,,,
,Möbel,,,,,,,,3ASxfVCRn95fxTFOj5eOpK,R-014,,,,,,IfcFurniture,,,,,Flipchart,,,,,,,,,,,,,,,,,,,,,EG--,392074,,,,
,Möbel,,,,,,,,1cxTtRK$P6hxL_bYYHSAY1,R-014,,,,,,IfcFurniture,,,,,Vitrinenschrank,,,,,,,,,,,,,,,,,,,,,EG--,392112,,,,
,Möbel,,,,,,,,3uIjOuUCr4$eGWoHXDZSlU,R-014,,,,,,IfcFurniture,,,,,Sideboard,,,,,,,,,,,,,,,,,,,,,EG--,392150,,,,
,Möbel,,,,,,,,1vX5Mnfm1EgBuRWmaT9yzH,R-014,,,,,,IfcFurniture,,,,,Sideboard,,,,,,,,,,,,,,,,,,,,,EG--,392188,,,,
,Möbel,,,,,,,,2MogKv_8T8xO248PFimxrF,R-014,,,,,,IfcFurniture,,,,,Sideboard,,,,,,,,,,,,,,,,,,,,,EG--,392226,,,,
,Möbel,,,,,,,,2WAiMFQDD2RALU32bYHP_F,R-015,,,,,,IfcFurniture,,,,,Büroarbeitsplatz,,,,,,,,,,,,,,,,,,,,,EG--,403150,,,,
,Möbel,,,,,,,,2z3ricyjD8p8ojoQ7LDEDD,R-015,,,,,,IfcFurniture,,,,,Büroarbeitsplatz,,,,,,,,,,,,,,,,,,,,,EG--,413953,,,,
,Möbel,,,,,,,,2sPZhQhvP0HAlEHg8cWVt5,R-015,,,,,,IfcFurniture,,,,,Büroarbeitsplatz,,,,,,,,,,,,,,,,,,,,,EG--,424756,,,,
,Möbel,,,,,,,,3hie1y_yzAWfJE3OxswOnw,R-015,,,,,,IfcFurniture,,,,,Büroarbeitsplatz,,,,,,,,,,,,,,,,,,,,,EG--,435559,,,,
,Möbel,,,,,,,,2dG0eCEKzFkvej$vlR5WiY,R-015,,,,,,IfcFurniture,,,,,Flipchart,,,,,,,,,,,,,,,,,,,,,EG--,435597,,,,
,Möbel,,,,,,,,1L7SjDeer3LupAAHGlK$Us,R-015,,,,,,IfcFurniture,,,,,Vitrinenschrank,,,,,,,,,,,,,,,,,,,,,EG--,435635,,,,
,Möbel,,,,,,,,0CCK$FbrDEVBEXR1ghGhlL,R-015,,,,,,IfcFurniture,,,,,Sideboard,,,,,,,,,,,,,,,,,,,,,EG--,435673,,,,
,Möbel,,,,,,,,0BMFXTnJL9SvnLWrgTVsgT,R-015,,,,,,IfcFurniture,,,,,Sideboard,,,,,,,,,,,,,,,,,,,,,EG--,435711,,,,
,Möbel,,,,,,,,0YMWDSMjP68fv7e2SnI4YR,R-015,,,,,,IfcFurniture,,,,,Sideboard,,,,,,,,,,,,,,,,,,,,,EG--,435749,,,,
,Möbel,,,,,,,,0lljPvCpvCE8MXTDVXPKSJ,R-015,,,,,,IfcFurniture,,,,,Sideboard,,,,,,,,,,,,,,,,,,,,,EG--,435787,,,,
,Sanitärobjekt,,,,,,,,1heSIWcw14Bv8LNODeB$qw,R-016,,,,,,IfcSanitaryTerminal,,,,,Waschbecken ,,,,,,,,,,,,,,,,,,,,,EG--,441841,,,,
,Möbel,,,,,,,,0mTog7Zf5FcOr8eciV5g_7,R-016,,,,,,IfcFurniture,,,,,Stuhl-006,,,,,,,,,,,,,,,,,,,,,EG--,442288,,,,
,Möbel,,,,,,,,1haSZPO5554OsuyVxxN5Fy,R-016,,,,,,IfcFurniture,,,,,Stuhl-007,,,,,,,,,,,,,,,,,,,,,EG--,442330,,,,
,Möbel,,,,,,,,2y57Ksjcn7DxJWm88HG1Rw,R-016,,,,,,IfcFurniture,,,,,Schreibtisch ,,,,,,,,,,,,,,,,,,,,,EG--,442502,,,,
,Möbel,,,,,,,,08_TNQ8cTDcOyVUoESP$dK,R-016,,,,,,IfcFurniture,,,,,Stuhl-007,,,,,,,,,,,,,,,,,,,,,EG--,442544,,,,
,Möbel,,,,,,,,3KguqHJ91188FSD23KwcMa,R-016,,,,,,IfcFurniture,,,,,Untersuchungsliege ,,,,,,,,,,,,,,,,,,,,,EG--,449122,,,,
,Möbel,,,,,,,,0nMdZPd$X3f9LP1VakwM99,R-016,,,,,,IfcFurniture,,,,,Regal ,,,,,,,,,,,,,,,,,,,,,EG--,451708,,,,
,Möbel,,,,,,,,1qYQgB$ff0NRAhwJev_E3k,R-016,,,,,,IfcFurniture,,,,,Regal ,,,,,,,,,,,,,,,,,,,,,EG--,451746,,,,
,Möbel,,,,,,,,3EjOAfTiz1_fPETSpcmy_M,R-017,,,,,,IfcFurniture,,,,,Sideboard,,,,,,,,,,,,,,,,,,,,,EG--,451905,,,,
,Möbel,,,,,,,,1HX9nhker7Xgn0vTXbiVmP,R-017,,,,,,IfcFurniture,,,,,Vitrinenschrank,,,,,,,,,,,,,,,,,,,,,EG--,451943,,,,
,Möbel,,,,,,,,1e4w7rJ3D3Ye2MMT9idIh6,R-017,,,,,,IfcFurniture,,,,,Sideboard,,,,,,,,,,,,,,,,,,,,,EG--,451981,,,,
,Möbel,,,,,,,,1lgEj$$V96Cg_9btJ8Rih5,R-017,,,,,,IfcFurniture,,,,,Sideboard,,,,,,,,,,,,,,,,,,,,,EG--,452019,,,,
,Möbel,,,,,,,,3OqykYCQn0u8HV17fvAfYk,R-017,,,,,,IfcFurniture,,,,,Sideboard,,,,,,,,,,,,,,,,,,,,,EG--,452057,,,,
,Möbel,,,,,,,,3qsKlKZ3T8q9IEFaAu7kVN,R-017,,,,,,IfcFurniture,,,,,Büroarbeitsplatz,,,,,,,,,,,,,,,,,,,,,EG--,462860,,,,
,Möbel,,,,,,,,0k2MQsvpj4LxhSBQBkPExX,R-017,,,,,,IfcFurniture,,,,,Büroarbeitsplatz,,,,,,,,,,,,,,,,,,,,,EG--,473663,,,,
,Möbel,,,,,,,,0AQV8lFdL7agif7CfIFT78,R-017,,,,,,IfcFurniture,,,,,Büroarbeitsplatz,,,,,,,,,,,,,,,,,,,,,EG--,484466,,,,
,Möbel,,,,,,,,2JEMS93fL2WA_pUzGdGDOL,R-017,,,,,,IfcFurniture,,,,,Büroarbeitsplatz,,,,,,,,,,,,,,,,,,,,,EG--,495269,,,,
,Möbel,,,,,,,,1AAhc_7NTBsOdMUUbgsb8R,R-017,,,,,,IfcFurniture,,,,,Flipchart,,,,,,,,,,,,,,,,,,,,,EG--,495307,,,,
,Möbel,,,,,,,,3zJuJpKGj3gRv51PTnB4oI,R-018,,,,,,IfcFurniture,,,,,Vitrinenschrank,,,,,,,,,,,,,,,,,,,,,EG--,495466,,,,
,Möbel,,,,,,,,0LbABBQhP0ju2BCfuHvHmh,R-018,,,,,,IfcFurniture,,,,,Sideboard,,,,,,,,,,,,,,,,,,,,,EG--,495504,,,,
,Möbel,,,,,,,,343HrPRH19$QTVoMkTJhiO,R-018,,,,,,IfcFurniture,,,,,Sideboard,,,,,,,,,,,,,,,,,,,,,EG--,495542,,,,
,Möbel,,,,,,,,2_lk6AW6nBJ8sOyX2AIcsS,R-018,,,,,,IfcFurniture,,,,,Sideboard,,,,,,,,,,,,,,,,,,,,,EG--,495580,,,,
,Möbel,,,,,,,,3YfVLKe1rEWvvg4S2Zy5G$,R-018,,,,,,IfcFurniture,,,,,Sideboard,,,,,,,,,,,,,,,,,,,,,EG--,495618,,,,
,Möbel,,,,,,,,3i2af5CQL6QezRNG_2BgcG,R-018,,,,,,IfcFurniture,,,,,Büroarbeitsplatz,,,,,,,,,,,,,,,,,,,,,EG--,506421,,,,
,Möbel,,,,,,,,0vuBUNlFn59xm7pryZkcLL,R-018,,,,,,IfcFurniture,,,,,Büroarbeitsplatz,,,,,,,,,,,,,,,,,,,,,EG--,517224,,,,
,Möbel,,,,,,,,2JBtXg_Er4KuZ9R728thX1,R-018,,,,,,IfcFurniture,,,,,Büroarbeitsplatz,,,,,,,,,,,,,,,,,,,,,EG--,528027,,,,
,Möbel,,,,,,,,008qR37Ub28RPTcIIevtk3,R-018,,,,,,IfcFurniture,,,,,Büroarbeitsplatz,,,,,,,,,,,,,,,,,,,,,EG--,538830,,,,
,Möbel,,,,,,,,15$AhUToj2fAzgRsck_n_y,R-018,,,,,,IfcFurniture,,,,,Flipchart,,,,,,,,,,,,,,,,,,,,,EG--,538868,,,,
,Möbel,,,,,,,,0ZkMchiNL2TgMq6DQQtCi7,R-019,,,,,,IfcFurniture,,,,,Vitrinenschrank,,,,,,,,,,,,,,,,,,,,,EG--,539027,,,,
,Möbel,,,,,,,,2hwtxBkOb0wwnsSBfOKvaS,R-019,,,,,,IfcFurniture,,,,,Sideboard,,,,,,,,,,,,,,,,,,,,,EG--,539065,,,,
,Möbel,,,,,,,,26ymUnnjz7xhE2BdeKA1T$,R-019,,,,,,IfcFurniture,,,,,Sideboard,,,,,,,,,,,,,,,,,,,,,EG--,539103,,,,
,Möbel,,,,,,,,1nGxBadtzD$9wr_KWwOYuN,R-019,,,,,,IfcFurniture,,,,,Sideboard,,,,,,,,,,,,,,,,,,,,,EG--,539141,,,,
,Möbel,,,,,,,,12NsMPfhT6yeMdFdaiZjX9,R-019,,,,,,IfcFurniture,,,,,Sideboard,,,,,,,,,,,,,,,,,,,,,EG--,539179,,,,
,Möbel,,,,,,,,3HyjeaBwD8dRERGTCXSn_I,R-019,,,,,,IfcFurniture,,,,,Büroarbeitsplatz,,,,,,,,,,,,,,,,,,,,,EG--,549982,,,,
,Möbel,,,,,,,,1U$iV87TP8ywjiPQhjxEdr,R-019,,,,,,IfcFurniture,,,,,Büroarbeitsplatz,,,,,,,,,,,,,,,,,,,,,EG--,560785,,,,
,Möbel,,,,,,,,0C89zSUFf1O8lWk4pjKnXz,R-019,,,,,,IfcFurniture,,,,,Büroarbeitsplatz,,,,,,,,,,,,,,,,,,,,,EG--,571588,,,,
,Möbel,,,,,,,,1HDLRQkAj80uAP90dsx7A2,R-019,,,,,,IfcFurniture,,,,,Büroarbeitsplatz,,,,,,,,,,,,,,,,,,,,,EG--,582391,,,,
,Möbel,,,,,,,,22wdeO5i17SRqDoDLIEc4D,R-019,,,,,,IfcFurniture,,,,,Flipchart,,,,,,,,,,,,,,,,,,,,,EG--,582429,,,,
,Sanitärobjekt,,,,,,,,0EXKcEYvr1bxcZJlksTyBo,R-022,,,,,,IfcSanitaryTerminal,,,,,Büroplanung ,,,,,,,,,,,,,,,,,,,,,EG--,586337,,,,
,Möbel,,,,,,,,1SB1mLR112nB8qfPHIivzn,R-022,,,,,,IfcFurniture,,,,,Unterschrank,,,,,,,,,,,,,,,,,,,,,EG--,587152,,,,
,Möbel,,,,,,,,2TR5kBSnjA4xjRoK9_8Onm,R-022,,,,,,IfcFurniture,,,,,Büroplanung ,,,,,,,,,,,,,,,,,,,,,EG--,588346,,,,
,Möbel,,,,,,,,3JcUBdfp5BPg32$p9LV77s,R-022,,,,,,IfcFurniture,,,,,Büroarbeitsplatz,,,,,,,,,,,,,,,,,,,,,EG--,599111,,,,
,Möbel,,,,,,,,3LoNmmpZ518xVDkiEjkYj6,R-022,,,,,,IfcFurniture,,,,,Unterschrank,,,,,,,,,,,,,,,,,,,,,EG--,600741,,,,
,Möbel,,,,,,,,1nPo0Xycv1dPS_GcPSmmEU,R-022,,,,,,IfcFurniture,,,,,Unterschrank,,,,,,,,,,,,,,,,,,,,,EG--,600779,,,,
,Möbel,,,,,,,,3WX3fevoH6l98WB8l9THzD,R-022,,,,,,IfcFurniture,,,,,Unterschrank,,,,,,,,,,,,,,,,,,,,,EG--,600817,,,,
,Möbel,,,,,,,,1$Z8VjCh13KhFjwxS8SqlN,R-022,,,,,,IfcFurniture,,,,,Unterschrank,,,,,,,,,,,,,,,,,,,,,EG--,601113,,,,
,Möbel,,,,,,,,3AUVOeutTBSwvYIZmkFzbe,R-022,,,,,,IfcFurniture,,,,,Büroarbeitsplatz,,,,,,,,,,,,,,,,,,,,,EG--,611878,,,,
,Möbel,,,,,,,,3Qrglk6VPEYelc$XK36vRY,R-022,,,,,,IfcFurniture,,,,,Büroarbeitsplatz,,,,,,,,,,,,,,,,,,,,,EG--,622643,,,,
,Möbel,,,,,,,,0eSCWxmhr3cA2m$1tM_gu_,R-022,,,,,,IfcFurniture,,,,,Büroarbeitsplatz,,,,,,,,,,,,,,,,,,,,,EG--,633408,,,,
,Möbel,,,,,,,,1X6UYPnl98UfCEYvgewOf8,R-022,,,,,,IfcFurniture,,,,,Büroarbeitsplatz,,,,,,,,,,,,,,,,,,,,,EG--,644173,,,,
,Möbel,,,,,,,,0GrgbNMFf9k9NjKD8YKht3,R-022,,,,,,IfcFurniture,,,,,Büroplanung ,,,,,,,,,,,,,,,,,,,,,EG--,644708,,,,
,Möbel,,,,,,,,2zEvMqiP1Cb9tl2TUL4hup,R-022,,,,,,IfcFurniture,,,,,Büroarbeitsplatz,,,,,,,,,,,,,,,,,,,,,EG--,655473,,,,
,Möbel,,,,,,,,2c0fc9FOr50v24PcnNOFAE,R-022,,,,,,IfcFurniture,,,,,Büroarbeitsplatz,,,,,,,,,,,,,,,,,,,,,EG--,666238,,,,
,Möbel,,,,,,,,2sRFOPnnfAK8tcNuMUbqUN,R-022,,,,,,IfcFurniture,,,,,Büroarbeitsplatz,,,,,,,,,,,,,,,,,,,,,EG--,677003,,,,
,Möbel,,,,,,,,03IlGa2CL3mvBlZiKntGdt,R-022,,,,,,IfcFurniture,,,,,Büroarbeitsplatz,,,,,,,,,,,,,,,,,,,,,EG--,687768,,,,
,Möbel,,,,,,,,0t6DRiuwn0XwywjRI4TXhc,R-022,,,,,,IfcFurniture,,,,,Büroarbeitsplatz,,,,,,,,,,,,,,,,,,,,,EG--,698533,,,,
,Wand,C30/37,,,,XF3,,,0gTHkNLnD0Khv11fyxk3lE,OG,,16.2888,110.9328,47.37186,3.0,IfcWall,True,39.59,True,Stahlbeton,Wand-004,,16.2888,49.3328,22.11586,,,,,,,,,SB2,,['EXISTING'],,,,,0.41,,700432,,,,ÜK1
7.7,Öffnung,,,0.41,,,,,1wQJDpsK$yRBG5L4bw1Nro,,,,,,2.2,IfcOpeningElement,,,,,Fenster-002,,,,,,,,,,,,,,,,,0.2332365,,,3.5,,699976,,,,
7.7,Öffnung,,,0.41,,,,,3U$D3r7SIWSkE4ycmKcE5Z,,,,,,2.2,IfcOpeningElement,,,,,Fenster-003,,,,,,,,,,,,,,,,,0.2332365,,,3.5,,700035,,,,
7.7,Öffnung,,,0.41,,,,,1XlFwXYQ8hSCXKYFuXjlEM,,,,,,2.2,IfcOpeningElement,,,,,Fenster-004,,,,,,,,,,,,,,,,,0.2332365,,,3.5,,700094,,,,
7.7,Öffnung,,,0.41,,,,,3pKXkl7dzd$78eWgzdQP6o,,,,,,2.2,IfcOpeningElement,,,,,Fenster-002,,,,,,,,,,,,,,,,,0.2332365,,,3.5,,700153,,,,
7.7,Öffnung,,,0.41,,,,,0NmkN04EKTwHvfvbP7EO83,,,,,,2.2,IfcOpeningElement,,,,,Fenster-003,,,,,,,,,,,,,,,,,0.2332365,,,3.5,,700212,,,,
7.7,Öffnung,,,0.41,,,,,331EXtf0UT9cR5qIXF5EeD,,,,,,2.2,IfcOpeningElement,,,,,Fenster-004,,,,,,,,,,,,,,,,,0.2332365,,,3.5,,700271,,,,
7.7,Öffnung,,,0.41,,,,,3pi08nsTSMxK31KqZhI8s1,,,,,,2.2,IfcOpeningElement,,,,,Fenster-004,,,,,,,,,,,,,,,,,0.2332365,,,3.5,,700330,,,,
7.7,Öffnung,,,0.41,,,,,3nMdSCqqu7Uzl88iNsy_Av,,,,,,2.2,IfcOpeningElement,,,,,Fenster-004,,,,,,,,,,,,,,,,,0.2332365,,,3.5,,700389,,,,
7.7,Fenster,,,,,,1.OG--Fenster-002,3 Flügel,1SBcSrwmb1TeFhkyr5DWdy,OG,,,,,2.2,IfcWindow,True,,,,Fenster-002,,,,,,,11.4,,,,3.5,2.2,,,['EXISTING'],,,,,3.5,OG--,701723,,,,
7.7,Fenster,,,,,,1.OG--Fenster-003,3 Flügel,3byhYuymr6KRn6UQ7_ikW9,OG,,,,,2.2,IfcWindow,True,,,,Fenster-003,,,,,,,11.4,,,,3.5,2.2,,,['EXISTING'],,,,,3.5,OG--,701804,,,,
7.7,Fenster,,,,,,1.OG--Fenster-004,3 Flügel,0y2zx0uMn04eUVv3W7PykZ,OG,,,,,2.2,IfcWindow,True,,,,Fenster-004,,,,,,,11.4,,,,3.5,2.2,,,['EXISTING'],,,,,3.5,OG--,701885,,,,
7.7,Fenster,,,,,,1.OG--Fenster-002,3 Flügel,3gCgU5f19Bx82nNg0LpYSM,OG,,,,,2.2,IfcWindow,True,,,,Fenster-002,,,,,,,11.4,,,,3.5,2.2,,,['EXISTING'],,,,,3.5,OG--,703176,,,,
7.7,Fenster,,,,,,1.OG--Fenster-003,3 Flügel,0Cuwkd5kbFyAp1BVBUsjvD,OG,,,,,2.2,IfcWindow,True,,,,Fenster-003,,,,,,,11.4,,,,3.5,2.2,,,['EXISTING'],,,,,3.5,OG--,703257,,,,
7.7,Fenster,,,,,,1.OG--Fenster-004,3 Flügel,2Rs3YDiabCHvpwXGiomzIp,OG,,,,,2.2,IfcWindow,True,,,,Fenster-004,,,,,,,11.4,,,,3.5,2.2,,,['EXISTING'],,,,,3.5,OG--,703338,,,,
7.7,Fenster,,,,,,1.OG--Fenster-004,3 Flügel,0YUT7YdBP0gBgokdOz7SPJ,OG,,,,,2.2,IfcWindow,True,,,,Fenster-004,,,,,,,11.4,,,,3.5,2.2,,,['EXISTING'],,,,,3.5,OG--,703419,,,,
7.7,Fenster,,,,,,1.OG--Fenster-004,3 Flügel,39mfDJvC16hR6TzPfgXufe,OG,,,,,2.2,IfcWindow,True,,,,Fenster-004,,,,,,,11.4,,,,3.5,2.2,,,['EXISTING'],,,,,3.5,OG--,703500,,,,
,Wand,C30/37,,,,XF3,,,3Azva1CIn8Cv4Tn1ttfRpr,OG,,4.75190018767,32.5089,13.82706,3.0,IfcWall,True,11.59,True,Stahlbeton,Wand-005,,4.75190018767,19.3089,8.41506,,,,,,,,,SB2,,['EXISTING'],,,,,0.41,,704381,,,,ÜK1
4.4,Öffnung,,,0.41,,,,,3zg_YgeA8keThimkZt8g3n,,,,,,2.2,IfcOpeningElement,,,,,Fenster-007,,,,,,,,,,,,,,,,,0.17091,,,2.0,,704220,,,,
4.4,Öffnung,,,0.41,,,,,2GQpR2XLHJ_vkmrogOJfJW,,,,,,2.2,IfcOpeningElement,,,,,Fenster-008,,,,,,,,,,,,,,,,,0.17091,,,2.0,,704279,,,,
4.4,Öffnung,,,0.41,,,,,0SApfjfEDvNYZKYdOH9_mg,,,,,,2.2,IfcOpeningElement,,,,,Fenster-009,,,,,,,,,,,,,,,,,0.17091,,,2.0,,704338,,,,
4.4,Fenster,,,,,,1.OG--Fenster-007,3 Flügel,3DjcxU4vb5K84qNZ60BLiH,OG,,,,,2.2,IfcWindow,True,,,,Fenster-007,,,,,,,8.4,,,,2.0,2.2,,,['EXISTING'],,,,,2.0,OG--,705672,,,,
4.4,Fenster,,,,,,1.OG--Fenster-008,3 Flügel,1UCa7sExr0rwbyhLSpaUmb,OG,,,,,2.2,IfcWindow,True,,,,Fenster-008,,,,,,,8.4,,,,2.0,2.2,,,['EXISTING'],,,,,2.0,OG--,705753,,,,
4.4,Fenster,,,,,,1.OG--Fenster-009,3 Flügel,0LL$fmAI1CRw8xAFqeH50E,OG,,,,,2.2,IfcWindow,True,,,,Fenster-009,,,,,,,8.4,,,,2.0,2.2,,,['EXISTING'],,,,,2.0,OG--,705834,,,,
,Wand,C30/37,,,,XF3,,,3YkXncaPv5j8QIzD$xZ0VB,OG,,6.03430004408,41.2413,17.543706,3.0,IfcWall,True,14.705,True,Stahlbeton,Wand-006,,6.03430004408,18.1413,8.072706,,,,,,,,,SB2,,['EXISTING'],,,,,0.41,,706788,,,,ÜK1
7.7,Öffnung,,,0.41,,,,,2RycF9cO0oDxHKhsBcvl7a,,,,,,2.2,IfcOpeningElement,,,,,Fenster-001,,,,,,,,,,,,,,,,,0.2332365,,,3.5,,706627,,,,
7.7,Öffnung,,,0.41,,,,,1HTbs6fMXBTLDpNqCTYsv_,,,,,,2.2,IfcOpeningElement,,,,,Fenster-001,,,,,,,,,,,,,,,,,0.2332365,,,3.5,,706686,,,,
7.7,Öffnung,,,0.41,,,,,2$kUTBD9VumjZLr2cBIHwz,,,,,,2.2,IfcOpeningElement,,,,,Fenster-002,,,,,,,,,,,,,,,,,0.2332365,,,3.5,,706745,,,,
7.7,Fenster,,,,,,1.OG--Fenster-001,3 Flügel,0ihAMB$Qj0cR06wGsSvJ3Y,OG,,,,,2.2,IfcWindow,True,,,,Fenster-001,,,,,,,11.4,,,,3.5,2.2,,,['EXISTING'],,,,,3.5,OG--,706869,,,,
7.7,Fenster,,,,,,1.OG--Fenster-001,3 Flügel,251kpE4xLESg1zQ22dljSK,OG,,,,,2.2,IfcWindow,True,,,,Fenster-001,,,,,,,11.4,,,,3.5,2.2,,,['EXISTING'],,,,,3.5,OG--,706950,,,,
7.7,Fenster,,,,,,1.OG--Fenster-002,3 Flügel,3MYogfKGzDyPybf9Jm9wXn,OG,,,,,2.2,IfcWindow,True,,,,Fenster-002,,,,,,,11.4,,,,3.5,2.2,,,['EXISTING'],,,,,3.5,OG--,707031,,,,
,Wand,C30/37,,,,XF3,,,3F0qki_Oj4$uiFpww2DAq_,OG,,4.69179910945,32.3458,13.649876,3.0,IfcWall,True,11.59,True,Stahlbeton,Wand-007,,4.69179910945,19.1458,8.237876,,,,,,,,,SB2,,['EXISTING'],,,,,0.41,,707904,,,,ÜK1
4.4,Öffnung,,,0.41,,,,,36ICE$4nan5r2Y3PjBcsKO,,,,,,2.2,IfcOpeningElement,,,,,Fenster-007,,,,,,,,,,,,,,,,,0.17091,,,2.0,,707743,,,,
4.4,Öffnung,,,0.41,,,,,18U12Pn2B7nf1G$dx4VfWb,,,,,,2.2,IfcOpeningElement,,,,,Fenster-007,,,,,,,,,,,,,,,,,0.17091,,,2.0,,707802,,,,
4.4,Öffnung,,,0.41,,,,,0lXA8jex$aGPF354VnL64n,,,,,,2.2,IfcOpeningElement,,,,,Fenster-007,,,,,,,,,,,,,,,,,0.17091,,,2.0,,707861,,,,
4.4,Fenster,,,,,,1.OG--Fenster-007,3 Flügel,3pfokdHC1CkO2skqNxcyjP,OG,,,,,2.2,IfcWindow,True,,,,Fenster-007,,,,,,,8.4,,,,2.0,2.2,,,['EXISTING'],,,,,2.0,OG--,709195,,,,
4.4,Fenster,,,,,,1.OG--Fenster-007,3 Flügel,1GwMPK4OnAEw5N$gsqBkGC,OG,,,,,2.2,IfcWindow,True,,,,Fenster-007,,,,,,,8.4,,,,2.0,2.2,,,['EXISTING'],,,,,2.0,OG--,709276,,,,
4.4,Fenster,,,,,,1.OG--Fenster-007,3 Flügel,28Sx7ahDL9zBR5SvHV0VMZ,OG,,,,,2.2,IfcWindow,True,,,,Fenster-007,,,,,,,8.4,,,,2.0,2.2,,,['EXISTING'],,,,,2.0,OG--,709357,,,,
,Wand,,,,,,,,2gNRAbHmH2JvdhNIYo9eIZ,OG,,2.01770073341,29.5436,5.285912,2.62,IfcWall,True,11.385,True,,Wand-002,,2.01770073341,26.5085,4.739594,,,,,,,,,,,['EXISTING'],,,,,0.18,,709830,,,,
3.0351,Öffnung,,,0.18,,,,,2$38oLcZUdgRdUxj6dcm5h,,,,,,2.01,IfcOpeningElement,,,,,Tür-005,,,,,,,,,,,,,,,,,0.07792601314,,,1.51,,709795,,,,
3.0351,Tür,,,,,,1.OG--Tür-005,2 Flügel,0DgF_matPB8RQ6_9E41b5P,OG,,,,,2.01,IfcDoor,True,,,,Tür-005,,,,,,,7.04,,,,1.51,2.01,,,['EXISTING'],,,,,1.51,OG--,710482,,,,
,Wand,,,,,,,,2bGvlS8Rz81fRJps2ER$FM,OG,,2.01770069773,29.5436,5.285912,2.62,IfcWall,True,11.385,True,,Wand-003,,2.01770069773,26.5085,4.739594,,,,,,,,,,,['EXISTING'],,,,,0.18,,710959,,,,
3.0351,Öffnung,,,0.18,,,,,1RdnZYMbXUHxJCmzBqH2Aw,,,,,,2.01,IfcOpeningElement,,,,,Tür-006,,,,,,,,,,,,,,,,,0.07792601314,,,1.51,,710924,,,,
3.0351,Tür,,,,,,1.OG--Tür-006,2 Flügel,2hAqZSLeHDe8$iFt1$FQji,OG,,,,,2.01,IfcDoor,True,,,,Tür-006,,,,,,,7.04,,,,1.51,2.01,,,['EXISTING'],,,,,1.51,OG--,711611,,,,
,Decke,C40/50,,,,XF2,,,3DVHAp_3L4PgSTTVr3KXQH,OG,161.1038,,,16.11038,,IfcSlab,False,,True,Stahlbeton,RD-004,161.1038,,,16.11038,,,51.18,,,,,,SB3,['EXISTING'],,,False,,0.1,,711738,,,,ÜK2
,Decke,C40/50,,,,XD2,,,2Fud4mz1D9iB3f6l2KCWMd,OG,161.1038,,,16.11038,,IfcSlab,False,,True,Stahlbeton,RD-004,161.1038,,,16.11038,,,51.18,,,,,,SB2,['EXISTING'],,,False,,0.1,,711861,,,,ÜK1
,Decke,C40/50,,,,XD2,,,2oNVzdfSDFGeOy1e4di8nA,OG,4.56959999797,,,0.456959999797,,IfcSlab,False,,True,Stahlbeton,RD-006,4.56959999797,,,0.456959999797,,,9.32800000371,,,,,,SB2,['EXISTING'],,,False,,0.1,,711980,,,,ÜK1
,Decke,C40/50,,,,XD2,,,1JKjr4bED4gQObdNIMU2Eu,OG,40.9,,,4.09,,IfcSlab,False,,True,Stahlbeton,RD-005,40.9,,,4.09,,,28.18,,,,,,SB2,['EXISTING'],,,False,,0.1,,712099,,,,ÜK1
,Decke,C40/50,,,,XD2,,,2QO5UfffbCPx8j5n$AER8d,OG,4.56959999797,,,0.456959999797,,IfcSlab,False,,True,Stahlbeton,RD-006,4.56959999797,,,0.456959999797,,,9.32800000371,,,,,,SB2,['EXISTING'],,,False,,0.1,,712218,,,,ÜK1
,Vorhangfassade,,,,,,,,0pBA$sBq1Fl97T5Ep9UAWC,OG,,,23.0000000615,,2.30000000308,IfcCurtainWall,True,10.0000000134,,,Fassade-001,,,23.0000000615,,,,,,,,,,,,['EXISTING'],,,,,0.133,,715442,,,,
,Decke,,,,,,,,1bXxP4I8bC2fssm68hE6h7,OG,161.1038,,,16.11038,,IfcSlab,False,,True,Estrich + Parkett,RD-007,160.246513344,,,16.0246513344,,,51.18,,,,,,,,['EXISTING'],,,,,0.1,,716147,,,,
,Decke,,,,,,,,0n5EyFXfT6aOgDP_v3QWK3,OG,161.1038,,,16.11038,,IfcSlab,False,,True,,RD-007,160.246038377,,,16.0246038377,,,51.18,,,,,,,,['EXISTING'],,,,,0.1,,716852,,,,
,Wand,C30/37,,,,XF3,,,3uhSELtO93GhzEq9$5qlEK,OG,,6.09439935493,41.4044,17.72089,3.0,IfcWall,True,14.705,True,Stahlbeton,Wand-007,,6.09439935493,18.3044,8.24989,,,,,,,,,SB2,,['EXISTING'],,,,,0.41,,717814,,,,ÜK1
7.7,Öffnung,,,0.41,,,,,2$ZS_pc8xBMe1RtiSW$myu,,,,,,2.2,IfcOpeningElement,,,,,Fenster-001,,,,,,,,,,,,,,,,,0.2332365,,,3.5,,717653,,,,
7.7,Öffnung,,,0.41,,,,,3vpSsK$8B2cp4lF4bgpMOu,,,,,,2.2,IfcOpeningElement,,,,,Fenster-001,,,,,,,,,,,,,,,,,0.2332365,,,3.5,,717712,,,,
7.7,Öffnung,,,0.41,,,,,0_3yx5gdmFs_hsi0eM2Qkh,,,,,,2.2,IfcOpeningElement,,,,,Fenster-002,,,,,,,,,,,,,,,,,0.2332365,,,3.5,,717771,,,,
7.7,Fenster,,,,,,1.OG--Fenster-001,3 Flügel,0W0GHzATf0RPPny50KDQwB,OG,,,,,2.2,IfcWindow,True,,,,Fenster-001,,,,,,,11.4,,,,3.5,2.2,,,['EXISTING'],,,,,3.5,OG--,717895,,,,
7.7,Fenster,,,,,,1.OG--Fenster-001,3 Flügel,0dDXTT3PPBtOQAeQCzaHs0,OG,,,,,2.2,IfcWindow,True,,,,Fenster-001,,,,,,,11.4,,,,3.5,2.2,,,['EXISTING'],,,,,3.5,OG--,717976,,,,
7.7,Fenster,,,,,,1.OG--Fenster-002,3 Flügel,3NGZG3_irDGPYcDUqp2KHR,OG,,,,,2.2,IfcWindow,True,,,,Fenster-002,,,,,,,11.4,,,,3.5,2.2,,,['EXISTING'],,,,,3.5,OG--,718057,,,,
,Geländer,,,,,,,,2Nln0_tEv39eJ6nlyOePqq,OG,,,,,,IfcRailing,,3.26400000433,,,Geländer-002,,,,,,,,,,,,,,,['EXISTING'],,,,,,,718445,,,,
,Geländer,,,,,,,,0GuVYAXGb6l8KUqIDekBg_,OG,,,,,,IfcRailing,,7.19999999924,,,Geländer-003,,,,,,,,,,,,,,,['EXISTING'],,,,,,,718835,,,,
,Geländer,,,,,,,,2Z6129NHf3BgtsFLaBxSni,OG,,,,,,IfcRailing,,3.26400000433,,,Geländer-004,,,,,,,,,,,,,,,['EXISTING'],,,,,,,719221,,,,
,Wand,,,,,,,,1pjDOY_mv3X9u8zktaNXaK,OG,,0.256344183975,6.69165540939,0.6716217923,2.62,IfcWall,True,2.54781694668,True,,Wand-007,,0.256344183975,6.69165540939,0.6716217923,,,,,,,,,,,['EXISTING'],,,,,0.1,,719545,,,,
,Wand,,,,,,,,1qu0TfF190WA2UTYUnPRh_,OG,,0.249781543994,6.54427674544,0.654427674544,2.62,IfcWall,True,2.4978155517,True,,Wand-011,,0.249781543994,6.54427674544,0.654427674544,,,,,,,,,,,['EXISTING'],,,,,0.1,,719869,,,,
,Wand,,,,,,,,3tbsyACevB7AR0fbDGStSw,OG,,0.10094186228,7.85847653218,0.785847651857,2.62,IfcWall,True,2.9994185272,True,,Wand-010,,0.10094186228,3.72077653218,0.367097651856,,,,,,,,,,,['EXISTING'],,,,,0.1,,720837,,,,
2.0016,Öffnung,,,0.1,,,,,2hE8MPbCLgMEQZJz3bdh_W,,,,,,2.085,IfcOpeningElement,,,,,Tür-004,,,,,,,,,,,,,,,,,0.111631828,,,0.96,,720703,,,,
2.0016,Öffnung,,,0.1,,,,,0ASGq4RLGVV1RED8aG$A1H,,,,,,2.085,IfcOpeningElement,,,,,Tür-004,,,,,,,,,,,,,,,,,0.111631828,,,0.96,,720802,,,,
2.0016,Tür,,,,,,1.OG--Tür-004,1 Flügel,2QZlj58j95DPzPo01iO6tw,OG,,,,,2.085,IfcDoor,True,,,,Tür-004,,,,,,,6.09,,,,1.01,2.01,,,['EXISTING'],,,,,0.96,OG--,721465,,,L,
2.0016,Tür,,,,,,1.OG--Tür-004,1 Flügel,3_MnCLW_TAFRjVSftIws$6,OG,,,,,2.085,IfcDoor,True,,,,Tür-004,,,,,,,6.09,,,,1.01,2.01,,,['EXISTING'],,,,,0.96,OG--,722093,,,R,
,Wand,,,,,,,,0SCQPQNTzBMew3Gdu$gOAw,OG,,0.253219028799,6.65890169957,0.663433919957,2.62,IfcWall,True,2.54781553419,True,,Wand-010,,0.253219028799,6.65890169957,0.663433919957,,,,,,,,,,,['EXISTING'],,,,,0.1,,722417,,,,
,Wand,,,,,,,,33uFyPVYn8ueeiG9GC$hpf,OG,,0.274338950024,7.16311772906,0.718768024268,2.62,IfcWall,True,2.72776439694,True,,Wand-007,,0.274338950024,7.16311772906,0.718768024268,,,,,,,,,,,['EXISTING'],,,,,0.1,,722741,,,,
,Wand,,,,,,,,1RV4qKcy10nQKwNg$SLQCa,OG,,0.10094186228,7.85847653218,0.785847651857,2.62,IfcWall,True,2.9994185272,True,,Wand-010,,0.10094186228,3.72077653218,0.367097651857,,,,,,,,,,,['EXISTING'],,,,,0.1,,723709,,,,
2.0016,Öffnung,,,0.1,,,,,2sbMQDKw6zGu28C$4Ksmpk,,,,,,2.085,IfcOpeningElement,,,,,Tür-004,,,,,,,,,,,,,,,,,0.111631828,,,0.96,,723575,,,,
2.0016,Öffnung,,,0.1,,,,,2TPhK0fSu1rBdGFTWDecs6,,,,,,2.085,IfcOpeningElement,,,,,Tür-004,,,,,,,,,,,,,,,,,0.111631828,,,0.96,,723674,,,,
2.0016,Tür,,,,,,1.OG--Tür-004,1 Flügel,3V6I$haSz548TrrutQXhg0,OG,,,,,2.085,IfcDoor,True,,,,Tür-004,,,,,,,6.09,,,,1.01,2.01,,,['EXISTING'],,,,,0.96,OG--,723790,,,R,
2.0016,Tür,,,,,,1.OG--Tür-004,1 Flügel,3g1iVtHFL9Gg7Dm3R26M$G,OG,,,,,2.085,IfcDoor,True,,,,Tür-004,,,,,,,6.09,,,,1.01,2.01,,,['EXISTING'],,,,,0.96,OG--,723871,,,L,
,Wand,,,,,,,,1kBwPhfUD23RIrv7z7whTJ,OG,,0.267782163492,7.01589225885,0.701589225885,2.62,IfcWall,True,2.67782147284,True,,Wand-011,,0.267782163492,7.01589225885,0.701589225885,,,,,,,,,,,['EXISTING'],,,,,0.1,,724195,,,,
,Wand,,,,,,,,0bSAYmsCr4ceY1Nwhc9Gl6,OG,,0.271219003796,7.13050169957,0.710593919957,2.62,IfcWall,True,2.72781553419,True,,Wand-010,,0.271219003796,7.13050169957,0.710593919957,,,,,,,,,,,['EXISTING'],,,,,0.1,,724519,,,,
,Wand,C30/37,,,,XF3,,,0jcSgH8mjC_e0idORbbA8Y,R-023,,3.10000029802,11.0,3.41,1.1,IfcWall,True,10.0,True,Stahlbeton,Wand-009,,3.10000029802,11.0,3.41,,,,,,,,,SB2,,['EXISTING'],,,,,0.31,,724881,,,,ÜK1
,Allgemeines Bauteil,,51⁵/136,,cm,,,,0XTwBw75n8VxjoDCB8mTTe,R-023,,,,,,IfcBuildingElementProxy,False,,False,,Zimmerpflanze,,,,,,,,,,,,,,,['EXISTING'],,,,,,,728344,51⁵,136,,
,Allgemeines Bauteil,,51⁵/136,,cm,,,,1SeQmLSevER9gLGpjEJXUr,R-023,,,,,,IfcBuildingElementProxy,False,,False,,Zimmerpflanze,,,,,,,,,,,,,,,['EXISTING'],,,,,,,731806,51⁵,136,,
,Allgemeines Bauteil,,51⁵/136,,cm,,,,3l0PRqr6TDWu$UzxCWNo87,R-023,,,,,,IfcBuildingElementProxy,False,,False,,Zimmerpflanze,,,,,,,,,,,,,,,['EXISTING'],,,,,,,735268,51⁵,136,,
,Allgemeines Bauteil,,152⁵/76,,cm,,,,3Er8T6crDFA8w2FxuHqAXa,R-023,,,,,,IfcBuildingElementProxy,False,,False,,Büroarbeitsplatz,,,,,,,,,,,,,,,['EXISTING'],,,,,,,737224,152⁵,76,,
,Sanitärobjekt,,,,,,,,3Z2s2K_sP4hA1ktdG90ADA,R-024,,,,,,IfcSanitaryTerminal,,,,,Büroplanung ,,,,,,,,,,,,,,,,,,,,,OG--,740364,,,,
,Sanitärobjekt,,,,,,,,0gN4wgIsr5Ix9UADnEa7hE,R-024,,,,,,IfcSanitaryTerminal,,,,,WC,,,,,,,,,,,,,,,,,,,,,OG--,746704,,,,
,Sanitärobjekt,,,,,,,,2thCQSH890vxNVdBEy7mto,R-025,,,,,,IfcSanitaryTerminal,,,,,WC,,,,,,,,,,,,,,,,,,,,,OG--,753161,,,,
,Sanitärobjekt,,,,,,,,3keBQLoxnCdemSQlBcjmqQ,R-025,,,,,,IfcSanitaryTerminal,,,,,Büroplanung ,,,,,,,,,,,,,,,,,,,,,OG--,756166,,,,
,Möbel,,,,,,,,05R26$44z0auGYrLU9A4AZ,R-026,,,,,,IfcFurniture,,,,,Unterschrank,,,,,,,,,,,,,,,,,,,,,OG--,757130,,,,
,Möbel,,,,,,,,0IzBpCP5j2Dx3gx7HkfiFo,R-026,,,,,,IfcFurniture,,,,,Bürotrennwand,,,,,,,,,,,,,,,,,,,,,OG--,757547,,,,
,Möbel,,,,,,,,3yEp8dRf17wOlKKdOJXtln,R-026,,,,,,IfcFurniture,,,,,Bürotrennwand,,,,,,,,,,,,,,,,,,,,,OG--,757589,,,,
,Möbel,,,,,,,,3uomoHKDX4peIIofnYW0hC,R-026,,,,,,IfcFurniture,,,,,Sofa,,,,,,,,,,,,,,,,,,,,,OG--,758256,,,,
,Möbel,,,,,,,,0AKKS43rDENBbpZXFvOnKN,R-026,,,,,,IfcFurniture,,,,,Unterschrank,,,,,,,,,,,,,,,,,,,,,OG--,759890,,,,
,Möbel,,,,,,,,3EHYIsSa16$ANeJCEWpzXF,R-026,,,,,,IfcFurniture,,,,,Sofa,,,,,,,,,,,,,,,,,,,,,OG--,760557,,,,
,Möbel,,,,,,,,2bFBUtAL54E8qUf0jIfaV5,R-026,,,,,,IfcFurniture,,,,,Couchtisch,,,,,,,,,,,,,,,,,,,,,OG--,760795,,,,
,Möbel,,,,,,,,3H_NxTRiPCQAFSdQOuYIOc,R-026,,,,,,IfcFurniture,,,,,Unterschrank,,,,,,,,,,,,,,,,,,,,,OG--,760837,,,,
,Möbel,,,,,,,,1w_xj7r5DBrvm_4rI1wVlV,R-026,,,,,,IfcFurniture,,,,,Bürotrennwand,,,,,,,,,,,,,,,,,,,,,OG--,760875,,,,
,Möbel,,,,,,,,1uklyxfKz9_h0XRcY7sSM7,R-026,,,,,,IfcFurniture,,,,,Bürotrennwand,,,,,,,,,,,,,,,,,,,,,OG--,760913,,,,
,Möbel,,,,,,,,2TWf6q2enBBg6g2sI1qagY,R-026,,,,,,IfcFurniture,,,,,Bürotrennwand,,,,,,,,,,,,,,,,,,,,,OG--,760951,,,,
,Möbel,,,,,,,,2$V4ZiRYD8HuefSLlCDT7w,R-026,,,,,,IfcFurniture,,,,,Bürotrennwand,,,,,,,,,,,,,,,,,,,,,OG--,760989,,,,
,Möbel,,,,,,,,37fvkIKKD50fxniHJcb2Mg,R-026,,,,,,IfcFurniture,,,,,Barhocker,,,,,,,,,,,,,,,,,,,,,OG--,761876,,,,
,Möbel,,,,,,,,0avU$xXLnDtfbIF7ONaDks,R-026,,,,,,IfcFurniture,,,,,Barhocker,,,,,,,,,,,,,,,,,,,,,OG--,761918,,,,
,Möbel,,,,,,,,1Ih5nDdpP2AwyeU1yRQ3xZ,R-026,,,,,,IfcFurniture,,,,,Barhocker,,,,,,,,,,,,,,,,,,,,,OG--,761956,,,,
,Sanitärobjekt,,,,,,,,0RRotUHlDB2x9X5HYpo3nW,R-026,,,,,,IfcSanitaryTerminal,,,,,Kühlschrank,,,,,,,,,,,,,,,,,,,,,OG--,762324,,,,
,Möbel,,,,,,,,03fUdzPsj31hUY0d$d$VHN,R-026,,,,,,IfcFurniture,,,,,Unterschrank,,,,,,,,,,,,,,,,,,,,,OG--,762366,,,,
,Sanitärobjekt,,,,,,,,0ehit30PD3dA5EWHArEyOO,R-026,,,,,,IfcSanitaryTerminal,,,,,Kaffeemaschine,,,,,,,,,,,,,,,,,,,,,OG--,769238,,,,
,Möbel,,,,,,,,2t2P4LnFv9k8N1s15ink96,R-026,,,,,,IfcFurniture,,,,,Unterschrank,,,,,,,,,,,,,,,,,,,,,OG--,769280,,,,
,Möbel,,,,,,,,2zqmzZX293c9XsSJRntfvN,R-026,,,,,,IfcFurniture,,,,,Büroarbeitsplatz,,,,,,,,,,,,,,,,,,,,,OG--,780083,,,,
,Sanitärobjekt,,,,,,,,2ktgCVn2H7qBbxbyMJRm5r,R-026,,,,,,IfcSanitaryTerminal,,,,,Kochfeld Elektrisch,,,,,,,,,,,,,,,,,,,,,OG--,781713,,,,
,Möbel,,,,,,,,2PkYPf8PvEuB2thpHSK3iu,R-026,,,,,,IfcFurniture,,,,,Büroarbeitsplatz,,,,,,,,,,,,,,,,,,,,,OG--,792520,,,,
,Möbel,,,,,,,,32b1cc3RH339Mi8EV9akq_,R-026,,,,,,IfcFurniture,,,,,Barpult,,,,,,,,,,,,,,,,,,,,,OG--,792675,,,,
,Möbel,,,,,,,,1Acey0lqXF4vuDylqsA_Z0,R-026,,,,,,IfcFurniture,,,,,Barpult,,,,,,,,,,,,,,,,,,,,,OG--,792717,,,,
,Möbel,,,,,,,,25sy$bfc59zw38hMrpqhCD,R-026,,,,,,IfcFurniture,,,,,Barpult,,,,,,,,,,,,,,,,,,,,,OG--,792755,,,,
,Möbel,,,,,,,,25t6KpVe14ceFkCs4hqNTz,R-026,,,,,,IfcFurniture,,,,,Barhocker,,,,,,,,,,,,,,,,,,,,,OG--,792793,,,,
,Möbel,,,,,,,,0AnKYckp57OvjzOqwW8Gr3,R-026,,,,,,IfcFurniture,,,,,Büroarbeitsplatz,,,,,,,,,,,,,,,,,,,,,OG--,803596,,,,
,Möbel,,,,,,,,3xdC$lZGLAFAm8qhM95Xem,R-026,,,,,,IfcFurniture,,,,,Büroarbeitsplatz,,,,,,,,,,,,,,,,,,,,,OG--,814399,,,,
,Möbel,,,,,,,,39OdyaPknFGOzXstpvofXX,R-026,,,,,,IfcFurniture,,,,,Büroarbeitsplatz,,,,,,,,,,,,,,,,,,,,,OG--,825202,,,,
,Möbel,,,,,,,,1xwlSPG4nAxeIzi8RWxr10,R-026,,,,,,IfcFurniture,,,,,Büroarbeitsplatz,,,,,,,,,,,,,,,,,,,,,OG--,836005,,,,
,Möbel,,,,,,,,1hmYr45VP2ChT$XQjqNAUB,R-026,,,,,,IfcFurniture,,,,,Büroarbeitsplatz,,,,,,,,,,,,,,,,,,,,,OG--,846808,,,,
,Möbel,,,,,,,,3zBnIXGQr42A9P5dXb1hI8,R-026,,,,,,IfcFurniture,,,,,Büroarbeitsplatz,,,,,,,,,,,,,,,,,,,,,OG--,857611,,,,
,Möbel,,,,,,,,2ZE6ufREr3nQskxPPbY7v2,R-026,,,,,,IfcFurniture,,,,,Büroarbeitsplatz,,,,,,,,,,,,,,,,,,,,,OG--,868414,,,,
,Allgemeines Bauteil,,51⁵/136,,cm,,,,3hz_BUC1r3LhtZydXvdu$m,R-026,,,,,,IfcBuildingElementProxy,False,,False,,Zimmerpflanze,,,,,,,,,,,,,,,['EXISTING'],,,,,,,871874,51⁵,136,,
,Möbel,,,,,,,,0otDN8IPH8NfMPSfwtCenz,R-026,,,,,,IfcFurniture,,,,,Büroarbeitsplatz,,,,,,,,,,,,,,,,,,,,,OG--,882679,,,,
,Möbel,,,,,,,,15upw8Vkv11gO3totB5n2F,R-026,,,,,,IfcFurniture,,,,,Büroarbeitsplatz,,,,,,,,,,,,,,,,,,,,,OG--,893482,,,,
,Allgemeines Bauteil,,51⁵/136,,cm,,,,2vSHazrB99_AS2FfzMMLE_,R-026,,,,,,IfcBuildingElementProxy,False,,False,,Zimmerpflanze,,,,,,,,,,,,,,,['EXISTING'],,,,,,,896942,51⁵,136,,
,Allgemeines Bauteil,,51⁵/136,,cm,,,,0xlYNQHVnBDhuWuToSmrE0,R-026,,,,,,IfcBuildingElementProxy,False,,False,,Zimmerpflanze,,,,,,,,,,,,,,,['EXISTING'],,,,,,,900404,51⁵,136,,
,Möbel,,,,,,,,1sGjr0MCbBZgrq$uycCTT9,R-026,,,,,,IfcFurniture,,,,,Büroarbeitsplatz,,,,,,,,,,,,,,,,,,,,,OG--,911209,,,,
,Möbel,,,,,,,,35IEo0bSbC4fHzDTC59aiJ,R-026,,,,,,IfcFurniture,,,,,Büroarbeitsplatz,,,,,,,,,,,,,,,,,,,,,OG--,922012,,,,
,Allgemeines Bauteil,,51⁵/136,,cm,,,,1LNli6SoTBcvChvbhqGxFh,R-026,,,,,,IfcBuildingElementProxy,False,,False,,Zimmerpflanze,,,,,,,,,,,,,,,['EXISTING'],,,,,,,925472,51⁵,136,,
,Möbel,,,,,,,,0IzE1uEm15d92telw6DSmv,R-026,,,,,,IfcFurniture,,,,,Büroarbeitsplatz,,,,,,,,,,,,,,,,,,,,,OG--,936277,,,,
,Allgemeines Bauteil,,51⁵/136,,cm,,,,0ohgH2TYz8VOLuyJxnLiDv,R-026,,,,,,IfcBuildingElementProxy,False,,False,,Zimmerpflanze,,,,,,,,,,,,,,,['EXISTING'],,,,,,,939737,51⁵,136,,
,Möbel,,,,,,,,1guK_DEunEKwTHs1uKCZpg,R-026,,,,,,IfcFurniture,,,,,Büroarbeitsplatz,,,,,,,,,,,,,,,,,,,,,OG--,950542,,,,
,Möbel,,,,,,,,2oOkrU1bf7_9ng5qEtIyTc,R-026,,,,,,IfcFurniture,,,,,Büroarbeitsplatz,,,,,,,,,,,,,,,,,,,,,OG--,961345,,,,
,Möbel,,,,,,,,0TdzYlne9F0eJq3zPC9ZOC,R-026,,,,,,IfcFurniture,,,,,Büroarbeitsplatz,,,,,,,,,,,,,,,,,,,,,OG--,972148,,,,
,Möbel,,,,,,,,2UASADj_fA4hQ4d_2XZJNO,R-026,,,,,,IfcFurniture,,,,,Büroarbeitsplatz,,,,,,,,,,,,,,,,,,,,,OG--,982951,,,,
,Möbel,,,,,,,,2wHgz46Jj7yQVJvlIGcVDx,R-026,,,,,,IfcFurniture,,,,,Büroarbeitsplatz,,,,,,,,,,,,,,,,,,,,,OG--,993754,,,,
,Möbel,,,,,,,,3a_g_oTtn9bfpFK2_AlFx1,R-026,,,,,,IfcFurniture,,,,,Büroarbeitsplatz,,,,,,,,,,,,,,,,,,,,,OG--,1004557,,,,
,Möbel,,,,,,,,3HL4P75AL0aQyVwB4_J2mr,R-026,,,,,,IfcFurniture,,,,,Büroarbeitsplatz,,,,,,,,,,,,,,,,,,,,,OG--,1015360,,,,
,Möbel,,,,,,,,3BIQv$VmD2LRWbYofUsSR2,R-026,,,,,,IfcFurniture,,,,,Büroarbeitsplatz,,,,,,,,,,,,,,,,,,,,,OG--,1026163,,,,
,Möbel,,,,,,,,09EZuKu8f0zwtOsRYCXu5t,R-026,,,,,,IfcFurniture,,,,,Büroarbeitsplatz,,,,,,,,,,,,,,,,,,,,,OG--,1036966,,,,
,Möbel,,,,,,,,3MZytzCZb3ZAPFCwB1257Q,R-026,,,,,,IfcFurniture,,,,,Büroarbeitsplatz,,,,,,,,,,,,,,,,,,,,,OG--,1047769,,,,
,Möbel,,,,,,,,0yJrQXk2P1guFN5tncYQS3,R-026,,,,,,IfcFurniture,,,,,Büroarbeitsplatz,,,,,,,,,,,,,,,,,,,,,OG--,1058572,,,,
,Möbel,,,,,,,,2PDyxqJdf6qezUJI1yxy44,R-026,,,,,,IfcFurniture,,,,,Büroarbeitsplatz,,,,,,,,,,,,,,,,,,,,,OG--,1069375,,,,
,Licht,,,,,,,,1LjK0nDiz8oOynrLBdEWr4,R-026,,,,,,IfcLightFixture,,,,,Schreibtischlampe-001,,,,,,,,,,,,,,,,,,,,,OG--,1077051,,,,
,Licht,,,,,,,,2tD5JQ0dH5AQyGSFsQh7v0,R-026,,,,,,IfcLightFixture,,,,,Schreibtischlampe-004,,,,,,,,,,,,,,,,,,,,,OG--,1077093,,,,
,Licht,,,,,,,,2xPf5J$kLCT9d2wA3nga2X,R-026,,,,,,IfcLightFixture,,,,,Schreibtischlampe-012,,,,,,,,,,,,,,,,,,,,,OG--,1077131,,,,
,Licht,,,,,,,,3UrXZmX0n64uWHAPgSiT9Q,R-026,,,,,,IfcLightFixture,,,,,Schreibtischlampe-005,,,,,,,,,,,,,,,,,,,,,OG--,1077169,,,,
,Licht,,,,,,,,1zYqgB7RP1fxyQYDdGe62S,R-026,,,,,,IfcLightFixture,,,,,Schreibtischlampe-002,,,,,,,,,,,,,,,,,,,,,OG--,1077207,,,,
,Licht,,,,,,,,3JUR28c9H8oea_PKTXFvHl,R-026,,,,,,IfcLightFixture,,,,,Schreibtischlampe-006,,,,,,,,,,,,,,,,,,,,,OG--,1077245,,,,
,Licht,,,,,,,,3LAVi37XvEjwhUXIy4bXXB,R-026,,,,,,IfcLightFixture,,,,,Schreibtischlampe-003,,,,,,,,,,,,,,,,,,,,,OG--,1077283,,,,
,Licht,,,,,,,,3a33AJiVbDTRQds58eWJqG,R-026,,,,,,IfcLightFixture,,,,,Schreibtischlampe-007,,,,,,,,,,,,,,,,,,,,,OG--,1077321,,,,
,Licht,,,,,,,,0$ynylbrv8Lgx98zBqVCwD,R-026,,,,,,IfcLightFixture,,,,,Schreibtischlampe-008,,,,,,,,,,,,,,,,,,,,,OG--,1077359,,,,
,Licht,,,,,,,,1h19OzZw1EtBA$fSOo7B8h,R-026,,,,,,IfcLightFixture,,,,,Schreibtischlampe-009,,,,,,,,,,,,,,,,,,,,,OG--,1077397,,,,
,Licht,,,,,,,,357ZDOzOz8SBC1xyYRXNlf,R-026,,,,,,IfcLightFixture,,,,,Schreibtischlampe-010,,,,,,,,,,,,,,,,,,,,,OG--,1077435,,,,
,Licht,,,,,,,,2ow7Mmvq57DvbekYp8Be8v,R-026,,,,,,IfcLightFixture,,,,,Schreibtischlampe-011,,,,,,,,,,,,,,,,,,,,,OG--,1077473,,,,
,Möbel,,,,,,,,0vb$6KxjnBzgmZZx_Ifumo,R-027,,,,,,IfcFurniture,,,,,Unterschrank,,,,,,,,,,,,,,,,,,,,,OG--,1078433,,,,
,Möbel,,,,,,,,2kc8$IFTf1OwtrkD$pu5eE,R-027,,,,,,IfcFurniture,,,,,Unterschrank,,,,,,,,,,,,,,,,,,,,,OG--,1078471,,,,
,Möbel,,,,,,,,1O7278wr5AXgUuhGqj9gYX,R-027,,,,,,IfcFurniture,,,,,Unterschrank,,,,,,,,,,,,,,,,,,,,,OG--,1080101,,,,
,Möbel,,,,,,,,0fTMkZcFX4bO$1ts7tva2F,R-027,,,,,,IfcFurniture,,,,,Unterschrank,,,,,,,,,,,,,,,,,,,,,OG--,1080139,,,,
,Sanitärobjekt,,,,,,,,1HVuD4HabDO8tWUTVdxPhf,R-027,,,,,,IfcSanitaryTerminal,,,,,Kühlschrank,,,,,,,,,,,,,,,,,,,,,OG--,1080507,,,,
,Möbel,,,,,,,,1c8kA1cED04883BOV579V7,R-027,,,,,,IfcFurniture,,,,,Unterschrank,,,,,,,,,,,,,,,,,,,,,OG--,1080545,,,,
,Sanitärobjekt,,,,,,,,3KL2RDkmn9GurmJeLzMpwx,R-027,,,,,,IfcSanitaryTerminal,,,,,Kochfeld Elektrisch,,,,,,,,,,,,,,,,,,,,,OG--,1082175,,,,
,Möbel,,,,,,,,1P2WgGH2r0X8QY$0Sy0pP6,R-027,,,,,,IfcFurniture,,,,,Barpult,,,,,,,,,,,,,,,,,,,,,OG--,1082330,,,,
,Möbel,,,,,,,,0IcFGGOD13D9wPARoAkyTq,R-027,,,,,,IfcFurniture,,,,,Barpult,,,,,,,,,,,,,,,,,,,,,OG--,1082368,,,,
,Möbel,,,,,,,,2je_yTc0HEKfZRGpamJNwR,R-027,,,,,,IfcFurniture,,,,,Barpult,,,,,,,,,,,,,,,,,,,,,OG--,1082406,,,,
,Möbel,,,,,,,,2WLtqCof5BcOLaXl0QRvTI,R-027,,,,,,IfcFurniture,,,,,Barhocker,,,,,,,,,,,,,,,,,,,,,OG--,1083293,,,,
,Möbel,,,,,,,,2c80E5YkD4XgQqtd3fbn11,R-027,,,,,,IfcFurniture,,,,,Sofa,,,,,,,,,,,,,,,,,,,,,OG--,1083331,,,,
,Möbel,,,,,,,,0pr5R5IUHE_xUNyOiA6$bu,R-027,,,,,,IfcFurniture,,,,,Sofa,,,,,,,,,,,,,,,,,,,,,OG--,1083369,,,,
,Möbel,,,,,,,,2lp6UzAtn1jAo3cVrn2$C1,R-027,,,,,,IfcFurniture,,,,,Couchtisch,,,,,,,,,,,,,,,,,,,,,OG--,1083607,,,,
,Möbel,,,,,,,,2I5aHbv0z308HdYz89$_dD,R-027,,,,,,IfcFurniture,,,,,Bürotrennwand,,,,,,,,,,,,,,,,,,,,,OG--,1084024,,,,
,Möbel,,,,,,,,2UA5iwNE99gRlS8XasQv5E,R-027,,,,,,IfcFurniture,,,,,Bürotrennwand,,,,,,,,,,,,,,,,,,,,,OG--,1084062,,,,
,Möbel,,,,,,,,3MrxtAGgn5vfP93OUpfQMh,R-027,,,,,,IfcFurniture,,,,,Bürotrennwand,,,,,,,,,,,,,,,,,,,,,OG--,1084100,,,,
,Möbel,,,,,,,,0l8bq$l6DFBh6upxRGovNO,R-027,,,,,,IfcFurniture,,,,,Bürotrennwand,,,,,,,,,,,,,,,,,,,,,OG--,1084138,,,,
,Möbel,,,,,,,,0k7M6DENL41QMpue$Po1Vi,R-027,,,,,,IfcFurniture,,,,,Bürotrennwand,,,,,,,,,,,,,,,,,,,,,OG--,1084176,,,,
,Sanitärobjekt,,,,,,,,3f$gBFvvbFEfWpJiJJnbKm,R-027,,,,,,IfcSanitaryTerminal,,,,,Kaffeemaschine,,,,,,,,,,,,,,,,,,,,,OG--,1091044,,,,
,Möbel,,,,,,,,3m0F8bm891OhK$7$lQ6TYU,R-027,,,,,,IfcFurniture,,,,,Bürotrennwand,,,,,,,,,,,,,,,,,,,,,OG--,1091082,,,,
,Möbel,,,,,,,,2AHgNe5rP8YAszJXgtWhtG,R-027,,,,,,IfcFurniture,,,,,Barhocker,,,,,,,,,,,,,,,,,,,,,OG--,1091120,,,,
,Möbel,,,,,,,,0BnFBfeCn0zOOevPECCMyx,R-027,,,,,,IfcFurniture,,,,,Barhocker,,,,,,,,,,,,,,,,,,,,,OG--,1091158,,,,
,Möbel,,,,,,,,3gYI2IsNb7xRdsI3WpDcw_,R-027,,,,,,IfcFurniture,,,,,Barhocker,,,,,,,,,,,,,,,,,,,,,OG--,1091196,,,,
,Allgemeines Bauteil,,51⁵/136,,cm,,,,2tmbxNaZr5J82pcPHlboiJ,R-027,,,,,,IfcBuildingElementProxy,False,,False,,Zimmerpflanze,,,,,,,,,,,,,,,['EXISTING'],,,,,,,1094656,51⁵,136,,
,Möbel,,,,,,,,31PrNb8qPFSQ_CgXjG3vPl,R-027,,,,,,IfcFurniture,,,,,Büroarbeitsplatz,,,,,,,,,,,,,,,,,,,,,OG--,1105461,,,,
,Möbel,,,,,,,,2rcZ71Q2r4pvjZkd81CbWJ,R-027,,,,,,IfcFurniture,,,,,Büroarbeitsplatz,,,,,,,,,,,,,,,,,,,,,OG--,1116264,,,,
,Allgemeines Bauteil,,51⁵/136,,cm,,,,2kYDVXZ8HAMwiFy1eTcjnA,R-027,,,,,,IfcBuildingElementProxy,False,,False,,Zimmerpflanze,,,,,,,,,,,,,,,['EXISTING'],,,,,,,1119724,51⁵,136,,
,Möbel,,,,,,,,2VZuF$F4v60xP6wdEowrD0,R-027,,,,,,IfcFurniture,,,,,Büroarbeitsplatz,,,,,,,,,,,,,,,,,,,,,OG--,1130529,,,,
,Allgemeines Bauteil,,51⁵/136,,cm,,,,00084q2Sb0mwO64bjaBAz2,R-027,,,,,,IfcBuildingElementProxy,False,,False,,Zimmerpflanze,,,,,,,,,,,,,,,['EXISTING'],,,,,,,1133989,51⁵,136,,
,Möbel,,,,,,,,0edyoAH1LCWAPNWmmHeK4g,R-027,,,,,,IfcFurniture,,,,,Büroarbeitsplatz,,,,,,,,,,,,,,,,,,,,,OG--,1144794,,,,
,Allgemeines Bauteil,,51⁵/136,,cm,,,,3b5NjDd1L4MgF2rB34lQXz,R-027,,,,,,IfcBuildingElementProxy,False,,False,,Zimmerpflanze,,,,,,,,,,,,,,,['EXISTING'],,,,,,,1148254,51⁵,136,,
,Möbel,,,,,,,,0dugWnk6rF3Owhp9d7DP96,R-027,,,,,,IfcFurniture,,,,,Büroarbeitsplatz,,,,,,,,,,,,,,,,,,,,,OG--,1159059,,,,
,Möbel,,,,,,,,1h99cMNdjAsOjsYPz2Mk47,R-027,,,,,,IfcFurniture,,,,,Büroarbeitsplatz,,,,,,,,,,,,,,,,,,,,,OG--,1169862,,,,
,Möbel,,,,,,,,0WR7IQew9AxwgkVEmNALml,R-027,,,,,,IfcFurniture,,,,,Büroarbeitsplatz,,,,,,,,,,,,,,,,,,,,,OG--,1180665,,,,
,Möbel,,,,,,,,2zyvsaNj15wPnuL4lE194Z,R-027,,,,,,IfcFurniture,,,,,Büroarbeitsplatz,,,,,,,,,,,,,,,,,,,,,OG--,1191468,,,,
,Möbel,,,,,,,,2K2qjiRBPAtvvgCqCBQs5y,R-027,,,,,,IfcFurniture,,,,,Büroarbeitsplatz,,,,,,,,,,,,,,,,,,,,,OG--,1202271,,,,
,Möbel,,,,,,,,1pu8wb9J1CA9Dfmj3OMQMz,R-027,,,,,,IfcFurniture,,,,,Büroarbeitsplatz,,,,,,,,,,,,,,,,,,,,,OG--,1213074,,,,
,Möbel,,,,,,,,3K1k83Q597ohMdbqCfNK9H,R-027,,,,,,IfcFurniture,,,,,Büroarbeitsplatz,,,,,,,,,,,,,,,,,,,,,OG--,1223877,,,,
,Möbel,,,,,,,,3xwXPCdTzFSxwsR3EpDf71,R-027,,,,,,IfcFurniture,,,,,Büroarbeitsplatz,,,,,,,,,,,,,,,,,,,,,OG--,1234680,,,,
,Möbel,,,,,,,,08d$ek1kzAuRffODt4zyb_,R-027,,,,,,IfcFurniture,,,,,Büroarbeitsplatz,,,,,,,,,,,,,,,,,,,,,OG--,1245483,,,,
,Möbel,,,,,,,,2DCmYPKkvCBvBkgBy97HCV,R-027,,,,,,IfcFurniture,,,,,Büroarbeitsplatz,,,,,,,,,,,,,,,,,,,,,OG--,1256286,,,,
,Möbel,,,,,,,,3axoS_MXz9lwBk3gpoTtAU,R-027,,,,,,IfcFurniture,,,,,Büroarbeitsplatz,,,,,,,,,,,,,,,,,,,,,OG--,1267089,,,,
,Möbel,,,,,,,,2ng9tTqNn3BPy$J8O$qSLB,R-027,,,,,,IfcFurniture,,,,,Büroarbeitsplatz,,,,,,,,,,,,,,,,,,,,,OG--,1277892,,,,
,Möbel,,,,,,,,1d8hma2az0bB3F3aP1eqE3,R-027,,,,,,IfcFurniture,,,,,Büroarbeitsplatz,,,,,,,,,,,,,,,,,,,,,OG--,1288695,,,,
,Möbel,,,,,,,,3xIMUC9bz9xQHOsaPBmlKB,R-027,,,,,,IfcFurniture,,,,,Büroarbeitsplatz,,,,,,,,,,,,,,,,,,,,,OG--,1299498,,,,
,Möbel,,,,,,,,0D9AD1u_nDPfYVD$NyhnmY,R-027,,,,,,IfcFurniture,,,,,Büroarbeitsplatz,,,,,,,,,,,,,,,,,,,,,OG--,1310301,,,,
,Möbel,,,,,,,,37Vyv41ir3Sf27HH_ZAgyp,R-027,,,,,,IfcFurniture,,,,,Büroarbeitsplatz,,,,,,,,,,,,,,,,,,,,,OG--,1321104,,,,
,Möbel,,,,,,,,2x$b_Uf6z9$8UXmaL7bti7,R-027,,,,,,IfcFurniture,,,,,Büroarbeitsplatz,,,,,,,,,,,,,,,,,,,,,OG--,1331907,,,,
,Möbel,,,,,,,,108ok1W$DAdOUBYqFVAdhe,R-027,,,,,,IfcFurniture,,,,,Büroarbeitsplatz,,,,,,,,,,,,,,,,,,,,,OG--,1342710,,,,
,Möbel,,,,,,,,3ReWIDXZLBfvJ6t3dBByfw,R-027,,,,,,IfcFurniture,,,,,Büroarbeitsplatz,,,,,,,,,,,,,,,,,,,,,OG--,1353513,,,,
,Möbel,,,,,,,,23XcBhwnb1DPHY8eL$8FWf,R-027,,,,,,IfcFurniture,,,,,Büroarbeitsplatz,,,,,,,,,,,,,,,,,,,,,OG--,1364316,,,,
,Möbel,,,,,,,,3FI_KQTavCvv0raIoW8VzL,R-027,,,,,,IfcFurniture,,,,,Büroarbeitsplatz,,,,,,,,,,,,,,,,,,,,,OG--,1375119,,,,
,Möbel,,,,,,,,353qZVilL95fP$UQx9uln_,R-027,,,,,,IfcFurniture,,,,,Büroarbeitsplatz,,,,,,,,,,,,,,,,,,,,,OG--,1385922,,,,
,Allgemeines Bauteil,,51⁵/136,,cm,,,,10GN6h$sf6cxVhrAgETG26,R-027,,,,,,IfcBuildingElementProxy,False,,False,,Zimmerpflanze,,,,,,,,,,,,,,,['EXISTING'],,,,,,,1389382,51⁵,136,,
,Sanitärobjekt,,,,,,,,18MYOxnBfFVAfW5YHvTTzd,R-024,,,,,,IfcSanitaryTerminal,,,,,WC,,,,,,,,,,,,,,,,,,,,,OG--,1389543,,,,
,Sanitärobjekt,,,,,,,,0iAC2hdpv9YPol42f384S$,R-024,,,,,,IfcSanitaryTerminal,,,,,Büroplanung ,,,,,,,,,,,,,,,,,,,,,OG--,1389581,,,,
,Sanitärobjekt,,,,,,,,04_OtcsrPBffxhxkiMQz4a,R-025,,,,,,IfcSanitaryTerminal,,,,,WC,,,,,,,,,,,,,,,,,,,,,OG--,1389740,,,,
,Sanitärobjekt,,,,,,,,0KN2mWRIz2s8maQg3mS$AK,R-025,,,,,,IfcSanitaryTerminal,,,,,Büroplanung ,,,,,,,,,,,,,,,,,,,,,OG--,1389778,,,,
,Wand,C30/37,,,,XF3,,,0h0gBgeDHBMgBuvAvYa3Uv,OG,,12.2538,19.795,6.1269,0.5,IfcWall,True,39.69,True,Stahlbeton,Wand-010,,12.2538,19.795,6.1269,,,,,,,,,SB2,,['EXISTING'],,,,,0.31,,1390041,,,,ÜK1
,Decke,,,,,,,,1Ki$saryn94AxrlynMTLix,OG,438.0324,,,43.80324,,IfcSlab,False,,True,,RD-008,438.0324,,,43.80324,,,100.72,,,,,,,['EXISTING'],,,False,,0.1,,1390152,,,,
,Wand,C30/37,,,,XF3,,,1Po16Ao195rR_Ls27YZyQ4,OG,,3.674,5.85,1.837,0.5,IfcWall,True,11.69,True,Stahlbeton,Wand-007,,3.674,5.85,1.837,,,,,,,,,SB2,,['EXISTING'],,,,,0.31,,1390396,,,,ÜK1
,Decke,C40/50,,,,XF2,,,3FRsy6ee99x9YuUYxdbjHi,OG,448.1444,,,215.109312,,IfcSlab,False,,True,Stahlbeton,RD-010,448.1444,,,215.109312,,,101.52,,,,,,SB3,,['EXISTING'],,,,,0.48,,1390737,,,,ÜK2
,Wand,C30/37,,,,XF3,,,0GEqiZUR1CPQrtL1XdLeAC,OG,,3.674,5.85,1.837,0.5,IfcWall,True,11.69,True,Stahlbeton,Wand-009,,3.674,5.85,1.837,,,,,,,,,SB2,,['EXISTING'],,,,,0.31,,1390985,,,,ÜK1
,Wand,C30/37,,,,XF3,,,0InAwjSDH4q8w34NRIGvvY,OG,,4.57689886748,7.3975,2.28845,0.5,IfcWall,True,14.845,True,Stahlbeton,Wand-008,,4.57689886748,7.3975,2.28845,,,,,,,,,SB2,,['EXISTING'],,,,,0.31,,1391223,,,,ÜK1
,Wand,C30/37,,,,XF3,,,2PikopU6nCaeAO954$hAuD,OG,,4.57689886748,7.3975,2.28845,0.5,IfcWall,True,14.845,True,Stahlbeton,Wand-008,,4.57689886748,7.3975,2.28845,,,,,,,,,SB2,,['EXISTING'],,,,,0.31,,1391461,,,,ÜK1
